id,message
30001.opus,ЯЮ6ЛИТЖБШ
30002.opus,КЩ В9Ю 9
30003.opus,Ы65Ф61Я
30004.opus,ЖЖНЖ9РЫНЦ3
30005.opus,ЕЯФ4ЮЧЬ
30006.opus,134ДАРПРНЗА
30007.opus,ЧДЩЖГ 3Й4
30008.opus,НЖХ18#ЭЯ5П
30009.opus,Ь7Ф5ИОЗЗ
30010.opus,6Л ВСШ464
30011.opus,7А ВОЧПЗ
30012.opus,9ЪБРИСГ ЧТН
30013.opus,5УЧ Я6НЧ
30014.opus,ЦУДМФ5#3 К
30015.opus,4Ф1ЩР03ЬЦ
30016.opus,2РБЦМ8НШ
30017.opus,С 6К ФЧ#4ЖТ
30018.opus,ТЪР45УКЩТ
30019.opus,БГ2ЬКГЪВ
30020.opus,ХСЛТАЗЭЮВ5А
30021.opus,5Ц7Д #Ч2
30022.opus,Г8ЮТШВО
30023.opus,Ь МЧФ8ФЗБ8
30024.opus,К9ЙПТ0#РБ
30025.opus,0ФР48ЕО
30026.opus,ЮДОЙЙЪМ3КС
30027.opus,ЬЗУЩБСКАЩФ
30028.opus,ЙМ5ПВЕЯ50Щ
30029.opus,ЮНА84ЭЖ
30030.opus,Ы0З7ЮЗ
30031.opus,В5ГРЧ1Т1
30032.opus,С2ЯГЗК2ЕЖМ
30033.opus,ООИЭЫ6Й2
30034.opus,АК67ЫИБ76
30035.opus,ФТ3 ГМБЫД
30036.opus,ЙШБ5ТЗБ
30037.opus,ЮЫЪ БХУ4БО
30038.opus,ЗЪХБ Щ1ЗВ
30039.opus,ЙЬХПЪЪ
30040.opus,ЫОЕЪОЮЩ
30041.opus,ЪЙ6ЪПАЗЛ4
30042.opus,ОЦЗ74ЫН
30043.opus,ЕВПГРБ8У3ФН
30044.opus,ЮЙА90Г6ИЧ
30045.opus,М ЪЪЦ9Ш6
30046.opus,7ЬГЫБ02
30047.opus,ЧЯУЙ2ЖДЕ
30048.opus,Д ЧЕЙ ФМШИГХ
30049.opus,ЙЦ4О2ПАХП
30050.opus,#ЪРФ#Ц К
30051.opus,2КЪК1СЮ
30052.opus,ХЯШУ ЮЧ1 ЕЗ
30053.opus,ПЧРС3 4Д38
30054.opus,ГЭ07ЩА ИПРЯ
30055.opus,7ЖЗДЯ8ЮГ
30056.opus,ОЭРВЪШЦО
30057.opus,63ХД4Ы3Ч
30058.opus,МЦ5#ХЛ3МТ
30059.opus,4АЕЩПЭ Х4ЖЯ
30060.opus,И2КЮ9Ю2Ъ
30061.opus,РОЬ#П#СГ
30062.opus,69ВЕЭЕЩЮ3
30063.opus,ШЩЕОШЕ3Ч
30064.opus,#ТА2ИЧ
30065.opus,ЦЯШЯ1 Ь2
30066.opus,ЦЪЬЧ9Щ5У
30067.opus,УЪ4НПСЯЗ
30068.opus,ВСВ#Т6Т ЗШ
30069.opus,Ю911ЦЩАТ
30070.opus,ЛИЩГТ 761
30071.opus,1Е2ХТ7Б
30072.opus,ЦФК0РОФЗ
30073.opus,2Б9ЙЖЙ
30074.opus,ТЪНЮКДР4 ЖЭ
30075.opus,Л#74ЛБТЧ
30076.opus,ЗЕЩ ХАЦ Ф
30077.opus,ЖНЩ700МТ
30078.opus,БЕ3МКЭВЛ4
30079.opus,ИТЖ2 ЦУ98
30080.opus,У8ОЗХЙХ0КТЖ
30081.opus,ПП2РЕ9ГШЩЮ
30082.opus,ЭФК О71ЧА
30083.opus,ЭДПШЕЛФ9ХШ
30084.opus,ЙЬЭЬЧ#ЙЦ
30085.opus,ГФ43ИЧД6Ы
30086.opus,ЙЛПЧНГОР9
30087.opus,БП0ЛМЙС
30088.opus,Ч 7ТВБЛ49
30089.opus,НЧР07СЪ
30090.opus,ЧЩГЖЫЪЯ ПП
30091.opus,4ТЛ КФЯ#9Ш
30092.opus,И АЮВГЩ#ХЕ
30093.opus,9БАКН7ЮГЭ
30094.opus,С ЬЦ С Л#Б
30095.opus,ЖУЪШ Ф2
30096.opus,075Х0ЗЗ
30097.opus,РЧОХС3Ц83
30098.opus,8ЛАЩО2ЧЦ
30099.opus,ПКР93ЛЫ#
30100.opus,32ЫЮ 5Л
30101.opus,РЮЙЯЬГ7ЫН
30102.opus,ХР Ы Х 85ЫР
30103.opus,ЦТ У#Э
30104.opus,ЧРЕЙЭЯ
30105.opus,5ЭА07Ь 0Б5И
30106.opus,#ИС75ЦЦЦА
30107.opus,7МЛ2ОЙМЩ3
30108.opus,9ГХ63Б5УА
30109.opus,75ИСЦ ЕН КДУЛ
30110.opus,НВ 0 АЩ60
30111.opus,Ж6ЙЬ#3 7ЙН
30112.opus,Ы7ЭЕЬЩУ9ГЩП
30113.opus,ЪЫЧЩДЖ
30114.opus,ЭЛЗ9МЙК7
30115.opus,С0ВКЛЯ2
30116.opus,4ИЗ#С УРАЧ
30117.opus,#7ОИ# 9ЮЙ
30118.opus,Х8БХЫНПА
30119.opus,Д2Л4МЙ 16
30120.opus,#7ЬЪЛС2
30121.opus,Р56ВББСЭ2
30122.opus,КОЫГХИ#В
30123.opus,Ч АЬЖ8 9Ю1
30124.opus,3ЙВ8ДПВМП
30125.opus,РЪЖХГ4Щ
30126.opus,МЮ Д80М
30127.opus,ЖНЦЩЖ3ЧД9
30128.opus, КС5Ф2АЛИ3
30129.opus,1ЯЬЗ3ГО
30130.opus,ЦКЕУШ3ЮЬ
30131.opus,ЗФФУТЧБКЧ
30132.opus,ПВЦР6Т5ТС
30133.opus,ВЮ0ГХ2Р
30134.opus,7Ш4Й Л5Р
30135.opus,СШ3ХАЦМАКР
30136.opus,Ж4ТПЦЯЬБ
30137.opus,ГВЯЕОЛЭ Н0
30138.opus,ЪН6Н28Х
30139.opus,Р0Ь9НЗ Б6
30140.opus,Ы Ь6ЕМ 5Щ
30141.opus,Б7Т9ЬЯЮЪ
30142.opus,0Н9ЮЕФИЫ#С
30143.opus,75ПОПЪ7Т6
30144.opus,Э ЗФЦИ К4 ФЖ
30145.opus,3МТД3ЯЧДД
30146.opus,АЖЫХЛ3ЙН6ИУЫ
30147.opus,ТЬЯИОГ ЧО
30148.opus,7ЮЛЙЮ3#А
30149.opus,Ч Ь6ЕБВПГНУ
30150.opus,СОШ036ЛБ4П
30151.opus,МПТЧЯЧ О
30152.opus,#И9 БЦ О Е1
30153.opus,45З01З9
30154.opus,0НЭБЩЕОЪ7
30155.opus,КБИ6ГЕДШЪЖЕ
30156.opus,КЬЛ#89ОАЕ
30157.opus,8ЕЩЪ1ДЛДФ
30158.opus,ПРЪ9АЗЪ
30159.opus,685К1А5А
30160.opus,З ЯЕ3РГЧТ УГ
30161.opus,Ш31ЕУ ЖЪ
30162.opus,8Ъ8ДЫЮЮ
30163.opus,Е7СРКЮ8
30164.opus,3ЩЮ ХЛГ6НМ
30165.opus,ЕНЪЬГ 4НИ7ЫК
30166.opus,АЖБЪФ4ЗК
30167.opus,90ССФЛШ
30168.opus,БЛМ#Ы3МЦЪ
30169.opus,ЛА8ЪОФ1
30170.opus,ЪОЙЬКСПД
30171.opus,Я#0ЩЭ#РЫ
30172.opus,Г Д Ж6Ч5Ф
30173.opus,77ГО0ЕЭ
30174.opus,ЩШЪР4ВШ6
30175.opus,Й1Н1Ъ2ВО
30176.opus,ЖП8П2Г8Т
30177.opus,Ш ЪШ3Е ЕПЭ
30178.opus,НЫ2ВА1ПТДЦ
30179.opus,ЩЧР 9Б4#
30180.opus,2Ъ9ЙЩЪО
30181.opus,ЙЫЙТЬАЪ
30182.opus,ЦВМЬ1ЭР9Т
30183.opus,НП5Ъ270В
30184.opus,3883ЧЖ1
30185.opus,ТЗБЖНО Ч4ЕЗШ
30186.opus,Б92 0ЭЭ
30187.opus,ШДНИЕЯЬЯДКГ
30188.opus,УЯТ1УРАЯ
30189.opus,Ш4ЪЫЗ3Ь
30190.opus,ТМ ЬСИЬВ Л7З
30191.opus,ЛСЖЮКПМШ4Е1ТЕ
30192.opus,ЮР ОСЮДЕ5ЗТ5Х
30193.opus,КЭГ6ЧЕНБ7А
30194.opus,ИЩ2Ч8ЧВНТХ2
30195.opus,5ЯЯ5Щ6Я
30196.opus,ГПЩРЬ#4МЖ
30197.opus,Е3ШЪ Т5Ч4
30198.opus,ЕРЭ#ЙКПЙДЮ
30199.opus,##3ГЯ3
30200.opus,4Я7МЕПАУЕ Я3
30201.opus,О2ТОТ1НЩЯ
30202.opus,ЯЬЪ ЯШМОРТ
30203.opus,К87Д ГСРФПТ2
30204.opus,НТ0ВШ9 9И
30205.opus,СК23ИЯ
30206.opus,РЙГЯ ОСХ06ЬМ
30207.opus,ТЗЮ9ЙЙПЫК
30208.opus,АЗНЩО4Л4Т
30209.opus,95УДЛС#Й
30210.opus,БЕИЖНЫ71ВУА
30211.opus,Г92Ф ДЮКЮ
30212.opus,Ф993Ъ
30213.opus,#Р7ЖЫФБ
30214.opus,Ш 8МЛ2ГС
30215.opus,Ф 1ФСКЛ0
30216.opus, ЫЯШЪ
30217.opus,1ЭЕ22ЛЩТ
30218.opus,К#66ЬЖЦЫ
30219.opus,МЧ#ЮЧ4ЩЩУ
30220.opus,#АР ЪЫК
30221.opus,ОСАЖВ 8ЧВ
30222.opus,ТКЮ0 ВГЕ
30223.opus,4#08ЭЦ
30224.opus,74КЪЯ16
30225.opus,АЬЮ4Ж3#
30226.opus,Й ФЙТМТОЧ
30227.opus,Н97ШО7М3
30228.opus,3ГЙЖАО6Ю
30229.opus,ЧЩ7ЧЩ4ИЫ
30230.opus,62Д О8СЧ
30231.opus,3 Ч6З1 Ъ
30232.opus,Щ1У4ВХОФГ
30233.opus,ЪИЭ45КЙЧ
30234.opus,2ТЯЦ33СЧ
30235.opus,ЬГЩРГЭ6
30236.opus,ЧГЪЮ ФК1Я
30237.opus,ТЗЦБТПАПО
30238.opus,ОЮ4М1ЙДДИ
30239.opus,5Щ#Б6ВФЪУ
30240.opus,ЙЩДФ2#8БР
30241.opus,КД ГЖС9С1
30242.opus,9ЧЪКЖНА Ш
30243.opus,3НЫ ЪЩБОВ
30244.opus,ТЬН53 ЦВ0
30245.opus,ЕБЛ6ХЩК8
30246.opus,ЭЧЬХ9ЬСУЮ
30247.opus,69ПД ЖПВЖЦГ
30248.opus,О7995Ж#4Б
30249.opus,БРОФЙ#3
30250.opus,Э86Ч7Щ6Ф1
30251.opus,ЙЛУСЩЙЯЫС
30252.opus,Ю С 79МЕВ Г35
30253.opus,#ЧЕЫ524Е9
30254.opus,ХХ Д8О87Х
30255.opus,УТ1Я7Т2Я И
30256.opus,Э С25 ЭЯ0
30257.opus,Б78#0УХАА
30258.opus,СС2Ц ЯЯ01
30259.opus,ЪГГЪЖ6
30260.opus,ФФИИ 9Л9В3Ь
30261.opus,3ЩПЖ57Ъ
30262.opus,Ы ЭСЬН Ш
30263.opus,З8Ц5Н2ИЦР
30264.opus,0АФЛЛЩЭ6Ю7
30265.opus,УИСЮ4О0Т
30266.opus,ЫЪЦ9Г4ЮТ
30267.opus,ДВУЖГ ЪВ2Н8
30268.opus,ЭШ53Б 5ВПХ
30269.opus,8ЧЩДЙИХ Ф9
30270.opus,ЩЧЬ1П
30271.opus,0ЫЪЩ#
30272.opus,#А9ЙЙ8ЭФ
30273.opus,2ЧЧЙРОЙ Й
30274.opus,Б5В#ТКТЦСМ5
30275.opus,Е0ПУ36ШО
30276.opus,М0СХ8АШ
30277.opus,8О Г6ЩК6И
30278.opus,2И2ЙЬ#ИУ
30279.opus,АЫ#10РОГК
30280.opus,0ПАОДКТ
30281.opus,ЙЖ6826ЩВС
30282.opus,Ж9Щ0Ъ
30283.opus,Ь8Ь5ГВ
30284.opus,ЦЧКМ3Р3ЯЪ
30285.opus,ВОЮ68Ц
30286.opus,ЪЙЫЭПИ4
30287.opus,ЕЕИЩЩ Д2МВ
30288.opus,ДШЛЬУД7С6
30289.opus,78Й6 ИО2
30290.opus,40ЬАЪПНС Т
30291.opus,РНЮЪЫЧЖЩ
30292.opus,СЧФО1НЕОЬ
30293.opus,1Ю3НЭГ РЮ
30294.opus,УФЖЭСЙР ЦЭ
30295.opus,Л7ЗХПАДМДУ
30296.opus,ЯЖЕ#Й2ЕЗЖЕ4В
30297.opus,ЯТШЭ8НРСЭ 2
30298.opus,Ь96ФМЬЬХР
30299.opus,М ЮВФЫФРПА
30300.opus,ЛЙЯС76 ЧЦ
30301.opus,Р88ЙСЗО
30302.opus,9Ю#761
30303.opus,ЦП7КХЗС5
30304.opus,ЭЙДВЧЬВВ
30305.opus,СЖЦЩ1Ш6С
30306.opus,ЦТ7ГОГУМО
30307.opus,ПЖ65ФЫЩЦ
30308.opus,# МЬП8ПЙН5
30309.opus,ЖШЕЧШАГВ
30310.opus,ТЩРТТ7Х3Л
30311.opus,46ВНФЪУИ3ЫЛ
30312.opus,ОЙЕЛ3ЧРЦ
30313.opus,ЯПА9 ЧИ2
30314.opus,ЧБЦЗ11ДЯЪ
30315.opus,ОЪДИЬЫ
30316.opus,Б0ЬН МК
30317.opus,УЩРЭТ5ЬБ Ф4Ы
30318.opus,1ЗЬ5ПБЮНБ6
30319.opus,СГЗШМ0ВЭ
30320.opus,ЗЛХО#ШЖ
30321.opus,851К6ЩТ#9
30322.opus,РН ЮЮВВК
30323.opus,К6ЪЧ3ГШ
30324.opus,В0ЖИКРЗ6И
30325.opus,Я04СНЯША6
30326.opus,МДУДЧАУЬСВ
30327.opus,ЕАВШМЫО ВЙЛ
30328.opus,З К#5ЩВБ #
30329.opus,Ж0З657#
30330.opus,ВТЦЩЛДЖЭГ5Я
30331.opus,ЕЕЖЬХКЛ ОЫ
30332.opus,#ДЫЕЦШ1КЧ
30333.opus,СЪШСЭЙЧА7
30334.opus,200БЪЭЯЗЫ
30335.opus,КШРКВЫ6Ь
30336.opus,ФБЯ 1ЙЧЪ
30337.opus,5ЯПЯЛ0З
30338.opus,ЬУ Э5 ДР ЭП
30339.opus,ПЯЦ КО2
30340.opus,8ЗДЦ62ЦТГИ
30341.opus,ЫЗ А#ГЮШМ
30342.opus,ВМЛОМ0 Л1
30343.opus,ЮПТПЩ1ЫХ
30344.opus,ЬЫШ6ГМУ6
30345.opus,Ф8РЯЬГ5ДЯТ
30346.opus,НЕХРВВ7#
30347.opus,ДХ#ДВ1Ц2
30348.opus,1МУ7ЕЬО ХИ
30349.opus,УЛХЙ8ФИ4АКСЪ
30350.opus,ЙШГ 3ЭИНЪ
30351.opus,ЯЧШЖНЬТ
30352.opus,Л5ФЭ ЦЯА Д
30353.opus,Й 9СК28Э
30354.opus,ЧФ8М#П
30355.opus,Ф#ЪЗЛСА
30356.opus,87ВЖХ ЦБ
30357.opus,3Ъ7БЪШШЖ
30358.opus,Ф Р3ЧЯХКП
30359.opus,И ЧЯ Ы6#ДЛ
30360.opus,ЛКРЯ#КТ Л
30361.opus,ЖЗ27Щ 8
30362.opus,М0ХЛИ #ДМ
30363.opus,Р37Ц9Р 56
30364.opus,12Э9Ъ3Я
30365.opus,ШЛЦОПМПД
30366.opus,И И4 17Ш
30367.opus,Ц4ЙИС1Х 77Р
30368.opus,ЕГ МИ1 58#Э
30369.opus,9ШЯ03КХНГ
30370.opus,ДШ ШЗЬЭП
30371.opus,ЕО2#ЗЛ60#
30372.opus,ЩИ2ФМО8Х
30373.opus,МТЯЦ8Г0
30374.opus,ЩЪФКМКП
30375.opus,О#2 ДГГЩОН
30376.opus,11Х ЪИ6Ч
30377.opus,ЯЯОКЙСРНЪ
30378.opus,ОР3А СЧЦ
30379.opus,ЭППЩЦК8
30380.opus,ЗЭГБАН Н ССЭЕ
30381.opus,ЙЛ44ВХ
30382.opus,ЭЪРОЫЯАУ8
30383.opus,ГАНЬ 5ПУ#А
30384.opus,А2Ц80О
30385.opus,АПШ47ОЙ
30386.opus,З#7БЙЖС
30387.opus,ЦЙ5ЩНЕЭВГХХ
30388.opus,7ШТК5#Ь7У2Г
30389.opus,ОЛХ 9Ф ХМИЦТ
30390.opus,ПФЮШМХВ0
30391.opus,Н8КП1КЬ2
30392.opus,М##7 #
30393.opus,Б НУ0Ь8ЩР#
30394.opus,5 НС#5Ь2
30395.opus,У414#Щ3
30396.opus,ЙРЕТЧ4#Х
30397.opus,Ю58ЪБ5ЦВ
30398.opus,3РННЗЖФЗЮ
30399.opus,ШКЖФ#ЖМЮЦЖ
30400.opus,ЯЪЬИЕЮЯШ
30401.opus,ОФХКФДЪЪРФ9
30402.opus,ЩЗГРГБ
30403.opus,ЦД2МЬЭ7ДР
30404.opus,#5ВОГМД2У
30405.opus,ЪАЯБОЮ33
30406.opus,НВСД9Я ТЭ
30407.opus,В2ФЛЪВ0
30408.opus,ЮЕНФФФЯЗЙЭАД
30409.opus,Б ЪВСЯШТ0ДШ
30410.opus,ПЭЙ9ИО1ПТ
30411.opus,9ЫР6 Ь ШТ
30412.opus,ЬЮАЪК ЛОХЦ
30413.opus,#Р2ПАП
30414.opus,55#ВСГШУ
30415.opus,ШДЛДП09ТЪ
30416.opus,ОБЭЧЦЯ#40
30417.opus,1БНШЭ8 ЯЧАЦ
30418.opus,З8ПЩЪЦЛ4Ж#
30419.opus,ЛЮЕМНФ63
30420.opus,ЬШПП#ЖДЗЩ
30421.opus,58#АХ1УТТ
30422.opus,ХХТКЪ2Ь#
30423.opus,7РЬЬ5БИЫЦ
30424.opus,ЖР6ЬЦБУЭИ
30425.opus,0ОПШЕЭ3К
30426.opus,ВТЪ3 #Н Г
30427.opus,ЬЦЖМСУ#С МБ
30428.opus,61ТЙЭЬМЖЩИ
30429.opus,9ГЬЦВСП2
30430.opus,Ы8АГЧГИ К
30431.opus,80В5ЧЧ
30432.opus,4746НУБУЛ
30433.opus,ЮШЬИ В03УГЩ
30434.opus,ШШФЦИЪ8
30435.opus,3ЗССКРХАЦ
30436.opus,ШСЧДПЩО6ЫУ
30437.opus,ЪЩЛЙ#
30438.opus,ДЦБЦЖК4ЩЛ
30439.opus,5ЬЪЦЛДЫЦФЛ
30440.opus,2ЯФ МЖАЧ Щ
30441.opus,0Щ53ФТЭ Ф
30442.opus,МКСГЕБОЗЖЖТ3
30443.opus,ШДЮ П2П8
30444.opus,ПЖ9Ч 6 УК3
30445.opus,АЦ 94ЕФО
30446.opus,ЩО7ЩЩФЩР
30447.opus,596ЯЮЮД
30448.opus,ЮППКЖШУ6
30449.opus,Т# ЬМДРКП
30450.opus,5С ШЙРЪА
30451.opus,4РЦВ1Ф#Ш
30452.opus,ОНБКЦ5ГШЮ
30453.opus,ЬЙ1ЦЕЖЩШ
30454.opus,ЩРТ ДСББ0Ю
30455.opus,4929ККЩ
30456.opus,СЧШЫЕК3ЗД
30457.opus,ДХЧМВБЪЛС 4
30458.opus,ЩЦЮЕБО11
30459.opus,ДОМ74ЭС7Р1
30460.opus,4УПЭЗЛЭЛБЕД
30461.opus,ГГБЕЯЖШМЦ
30462.opus,0КШРЗ
30463.opus,ШЭГ37 0Б4
30464.opus,Ц ЩЖ0УЬ7
30465.opus,9КВ2ЬЮШ
30466.opus,88ГЗГГАЦЗ
30467.opus,92Б1 ЙН8
30468.opus,ЪБЯЦФО #И
30469.opus,ФЪКП8Й2Я Ь
30470.opus,Э #РАС6 А1Д#
30471.opus,ДШЙ 3ЮЛХ
30472.opus,ЖОЯБ6ЖПИП
30473.opus,БЯСТН8#
30474.opus,7ПЩУ8# СД
30475.opus,#У3ЪТЦ У
30476.opus,ЮЪ8КН9Е1
30477.opus,НБЕЖ10ЦУБЬ
30478.opus,ЪЕР ЙЙЙБЧИ
30479.opus,ЛОБ3Ц2Ш
30480.opus,#БЗМ9ЗЙ66
30481.opus,П 0 ШЬХЭК2
30482.opus,Н89ЧИТ1ЕЛ
30483.opus,Й#ЯВО 6П
30484.opus,Ч9Н#ИПНР
30485.opus,З0ЪСЧИ3
30486.opus,БМ1КЩНПЬМ
30487.opus,ЗБЩО ЦЭА
30488.opus,РЩ ЕБ2ВЖР
30489.opus,М6СБЗ34 ЗЗХШ
30490.opus,БШЗАЭЩУЫК
30491.opus,МРПФ212ИЮГБК
30492.opus,РЦХП Ь9ЙК
30493.opus,3ОЙОШИ5Ш
30494.opus,ФФЭЬ5 5ШХФ
30495.opus,ЖКБГ#ЫЬУ
30496.opus,ЦНРЩП1КС
30497.opus,ТВТД БФАОАТ3
30498.opus,ЬАГЛД10
30499.opus,3Х52ЦХ 1КЩ
30500.opus,МЗСКЭЙЦЖ5
30501.opus,З8БЮСЪФУ
30502.opus,355ОЛ9УЧ
30503.opus,Г6СРХ5ЬР
30504.opus,ОУЦ 2ВШЕЪ
30505.opus,ЮМП3Я Б5
30506.opus,ШЫ1ДХЮЖВ
30507.opus,МВЕКОЯЫДДМЦБ
30508.opus,ЗКХШШАЯЦЮК
30509.opus,РЪ8Б БЭ8
30510.opus,ЭН1 Б2ЫЬР
30511.opus,6К5ТШЕЦ
30512.opus,У5У1810
30513.opus,ЖГПЖОГЦПАЧ
30514.opus,Я ЫТВ45СХ2
30515.opus,ОКУТ ПИ#ИНОД
30516.opus,47Ш1 ЪЗЮ
30517.opus,П8ЦЮЧЦСФН
30518.opus,ЬЪЧКЩЕЗОЖ
30519.opus,ЩФЫХ6 МЬ
30520.opus,УТЦ10ЙЩ
30521.opus,2ФВ9Ц ГЖЮ
30522.opus,ЦД5ЫЬЧ7Х
30523.opus,Ц45#022
30524.opus,8Б0ХЮЭСЙКИ
30525.opus,Н762ФХ Х6О
30526.opus,НЬЩЦ5ЩСИЩ
30527.opus,ИХЭГФ ЧЦ 8
30528.opus,ЛУЯЩИЧГК
30529.opus,4НРС03ЪЭЕИ
30530.opus,Ц#Ы2ВЫОФ
30531.opus,ШПЕАИЛ ЖПБУ
30532.opus,ЯЭГС1 БПЙЪ
30533.opus,2Ъ#ЛДСГЛАЫ
30534.opus,Р9 Э1ЧЖР
30535.opus,6О0Т4В5
30536.opus,П5Ы8Ц6Й 2Ц
30537.opus,5ЮАНЮЗЯ2МК
30538.opus,У Ф4ЫСЙ3Б
30539.opus,НВУФЦВЫ
30540.opus,8УЬН965ЦЦ
30541.opus,ЯЕЧ5ЫЮММБ Й
30542.opus,1ЙУКИ Ь2ФФБ
30543.opus,ШФЮГКК17Н
30544.opus,6БЭЧОВ1
30545.opus,К36И КИ24Е 2
30546.opus,И19ЫДЗШЯ2
30547.opus,ЮЖЫЛ20
30548.opus,К19ШС97
30549.opus,ЛЩЫЗ7Щ
30550.opus,ПКВЬГЗ#Б
30551.opus,2А#ЫЪУ
30552.opus,М4КО 0 5
30553.opus,ОД#5#ПЯ
30554.opus,ЫУЕ15ЭЩА
30555.opus,А5Л0ГЕ5Е6
30556.opus,ЮЖЬИУХЙХ4
30557.opus,#ЙИ ХЗ8ЭЬ
30558.opus,Ъ5БЩЗ4
30559.opus,15ДИ3НШДД0
30560.opus,8АЕ# НЖ У
30561.opus,Ъ0ЙР7ЮОЫК
30562.opus,КАК46АБ
30563.opus,ЗЫШТЦП
30564.opus,СМ7РЛШММ9Г
30565.opus,Л8ОЙНЮ4ЦЮ1
30566.opus,Р1 7ССШД9Ю
30567.opus,ГЬ4ГЬ64Ш
30568.opus,ЪМ ЕЛЙ 9ШЕ
30569.opus,18Г9УВХ
30570.opus,ТМ#ГП6П6Л
30571.opus,Д2 ЙЖ8Н И
30572.opus,00ФПЩ
30573.opus,ОВГ1СЮХ4
30574.opus,ДЖЩ7КА6#ЪВ
30575.opus,ЦО6ИВСХЧЬРД
30576.opus,ЕЮИХСФМС3Х1ЙИ
30577.opus,2КО4Ц ПЫЧ
30578.opus,#2ЫПИДГ
30579.opus,ЕДВЪ262ЗЪ ЕЖ
30580.opus,ЖШЛЛКВ ВЙ
30581.opus,Ю4П5ИЭЦ3Я7
30582.opus,ЙТДП8ХЭЙ
30583.opus,0 0О О
30584.opus,ВЭ9ЫЬ КЮ
30585.opus,ХИ ПГЦ Б2
30586.opus,Ы ЖА0АОС
30587.opus,Т6ЕХВ9ФЗИ
30588.opus,Р#Ы4М
30589.opus,Ж#0ЧМЩ
30590.opus,У5ЩЮМТЙКБ9
30591.opus,С18ЧЙ
30592.opus,3КСЪЙУ7Щ
30593.opus,ХМ2БААФЫ
30594.opus,З ТХ 34Н39
30595.opus,Д#С М 8УХМЗ
30596.opus,ФКПЭЯЛ6СС
30597.opus,76П ЧГЛЛМ
30598.opus,ЩЫВЫОЮВЬ0
30599.opus,ЮЙСЙ4Д0Н
30600.opus,Г36#Н4Э
30601.opus,7М#ГК1Ф
30602.opus,1ЩЯЪБИЖ3ИБ
30603.opus,ЖЩБ6ЗЪ ЛЫЦ
30604.opus,ЦИФБ#Т4Х
30605.opus,ЯБММИС6ЭБ
30606.opus,Д 5ХП8ТЮНАЦ
30607.opus,ОБЦПИЬЦ 7Х
30608.opus,9Л4И П ЛДИ
30609.opus,Ы4ШГ8ЫБИФ
30610.opus,Э7ММ ЯЧ959З
30611.opus,УП56ШЭМЧ#Я
30612.opus,СЧ2ЫКЯ8Ь
30613.opus,ЪПВУ6МКХ
30614.opus,6НЫИТБ8ТГ
30615.opus,О Й2ЗГ9
30616.opus,53МЮЛШ Ж3
30617.opus,Ы3КГУЕБ8В2
30618.opus,ЙЬЩЧИЦРГХ
30619.opus,ЭМ1 УЫИА1Ы
30620.opus,ШТОПЫНРК
30621.opus,ЫЩЯРЯКП5Р
30622.opus,В9Ж97ИЬЗ
30623.opus,Л3ШЛУ0Д
30624.opus,5ВС8ЧХ0 Е
30625.opus,ФОГБ 8##
30626.opus,Е5У689ХВ
30627.opus,Х3Й0ЯКЖХ
30628.opus,ООЯСН4З5
30629.opus,А4ОЗЦЗ45ИС
30630.opus,ИЬН12ЫХ#Ы
30631.opus,МО#АЮЦВРГ
30632.opus,КЗХЮЦТО3
30633.opus,ЮВКБЖЯФ6#
30634.opus,УЕЫ8Щ СЖ
30635.opus,ЛСЕЯ ИЪФП3 Й
30636.opus,ФУ3ЫЪЛ9Н#
30637.opus,ЗДЬЛГ1 К0Я
30638.opus,ДА0Т8КЛ3АР
30639.opus,5БЫ9СВ9#
30640.opus,5ЛШЧ ВМ6 РГ
30641.opus,ОГ И0ЬЖШ
30642.opus,ПЦЛ6ЫЮ ПХ4
30643.opus,ООЮЫГ3К8
30644.opus,7 9ХФ27Р
30645.opus,ЦАКФ15БЭС3 Ф
30646.opus,З52КЩ2Б
30647.opus,ФЩ#ВМИЩК0
30648.opus,ЬИМТЗБ2УИО
30649.opus,ЧЛ9ЛМВРАХХ
30650.opus,#ПЖЕ7Э 63
30651.opus,А6ХМБЪШУЮ
30652.opus,ЦДЮЕЩВМ#
30653.opus,ЪЫВ 0Х
30654.opus,ЭТЛН0ЖХКЕ
30655.opus,ГЪЩВЧЖЬЦЮ
30656.opus,О#У ЕГ 2
30657.opus,ЙМТ1МЦНГНРД
30658.opus,УЙЯ8Ъ7
30659.opus,3УЧХФЛК6К5
30660.opus,Ь АЧ Ж ЯМ
30661.opus,СГШЫЦГ 9СЯ4
30662.opus,ЯПУ ЗД 9И9
30663.opus,ХФМЫМ1 А#
30664.opus,ШМЧЪВ8Ь
30665.opus,ХГ37И1ЦДЛ
30666.opus,АТЧ7 ЛЗСУ
30667.opus,И Ж21АМЙ1
30668.opus,Ц ЯЭЕД7Й#СЯ
30669.opus,22ЙБЙОП
30670.opus,652ЕЫПДР9
30671.opus,Э21ФЙ1Ы
30672.opus,ЮУ ЙСЬНЪШ
30673.opus,ЛЦБЕФ0РТС
30674.opus,ВТКУДЫЗ Ч6ПГ
30675.opus,ФЫ#ЬНЭСИМЙ
30676.opus,Х 3У4Д1Е#
30677.opus,У4ДУК7Ф0
30678.opus,ЗНР1ЙВ Щ
30679.opus,ЭЪЖУТЧФ97ЕАМ
30680.opus,5ЧЛ#ЖЫЗ
30681.opus,#Р26ЮГЯ
30682.opus,9ШМЦ70
30683.opus,РЗ4 4ШО6Ч
30684.opus,Я1ДХО6Г#П
30685.opus,ЩГППДЭЛК
30686.opus,РЛД ЬЧСП3Д
30687.opus,БЯТСЬ9А3
30688.opus,Ц7ЯХЧА9Д
30689.opus,ЭМНЬЛО#5О
30690.opus,ЬПМЭП2З
30691.opus,ВИХТ92ОГС
30692.opus,ЙЫСЩЗХУ
30693.opus,ХЗЦИОЕЩ8К8Ф
30694.opus,2ЮЦД26РЕЛ
30695.opus,М0ТВ6НИ2
30696.opus,АО81ЖЪЗМГ
30697.opus,93786Б
30698.opus,0ШЯИЧЕ8ЫЛШ
30699.opus,#ЧА9РД5Ш4
30700.opus,ПЫП ХГ2Т
30701.opus,ЧЛБЛЦ2#
30702.opus,Д1Н0В7ОД
30703.opus,М5Ф63ОЖГ
30704.opus,ЫРГ0ФЙФЕФ
30705.opus,80АЮМЛЫП
30706.opus,ЬТ6Ю7ЦЧЖ
30707.opus,8ЫШФАЗ1
30708.opus,ЦЖЪИХ 6МС
30709.opus,СЗЬЧЪ
30710.opus,БШНС Ц 1 #
30711.opus,2ТЫ #ЫЪЙ3
30712.opus,АДРЗАЪ4УПУК
30713.opus,45А28Ы
30714.opus,ИСТ5Б Ы9
30715.opus,В0ЬЙ# ССХ
30716.opus,ТН Э1ТС 42ОБ
30717.opus,ДЛЫГЬМФШВ
30718.opus,ЩЪ6НЗЕ7
30719.opus,НМ0 4ВЮ
30720.opus,Г2ЪЧШРО Г
30721.opus,4Х86ФИЮ
30722.opus,Б ЙЯШЬЮДЪ7
30723.opus,БНЧЬКХЪЙЦ
30724.opus,М6ЕБГЙ554
30725.opus,Ъ#РЙ4МЬЮ Е
30726.opus,УХЗ1ЦЧТ75З
30727.opus,3 Ь2МА6
30728.opus,ХЮЭФЦГДЧ
30729.opus,Ж К8АВБВА
30730.opus,ХЙМЖЗМ
30731.opus,#ЯЫ 440ЦФ
30732.opus,БИ8ЮЪГПБ
30733.opus,4ЙБ91ЭУЮ
30734.opus,ЮЕНО4ЭЛТЕФ
30735.opus,ВДЯЙЩЗН
30736.opus,ЕБЕЙФ М4ЖХЖ
30737.opus,3ЯА2ЭЩЧШЙ
30738.opus,ХР4АФ21
30739.opus,С23Ы З153Ы
30740.opus,4ЖЗ2ЖЦ3
30741.opus,ЙМ7ЦОАЖЮ
30742.opus,ЛР2Ц1ЕНЬР
30743.opus,ЖУРРЕ5Ф ОБР45Е
30744.opus,БАОКЬГЦЕИ7
30745.opus,З8ДЗЬЬЖС
30746.opus,МЧШФЬ02Г
30747.opus,К4ЕБ ТПЙД
30748.opus,ЬН П4Ч4 АЪ
30749.opus,БЫШГФХЫЛС
30750.opus,ЖЖИГЧЙ3
30751.opus,0Ц6ЖЕЬП
30752.opus,А12МРХВЛ9
30753.opus,Д5КЧХ #У
30754.opus,УОАЖУ 1 ЖДМЯ
30755.opus,8Й5ПЖМ
30756.opus,ЗЯК9НЮП
30757.opus,ЖЦ#РЪФ7
30758.opus,ПК#1УНЧ
30759.opus,4ЗР6ДБММДВ
30760.opus,Э6 Ь3ЮЖС
30761.opus,ЩЪЩАЙНРЗ2
30762.opus,ЩЬ085ИЯ
30763.opus,К 8УЬ1Г1Ъ
30764.opus,9 2ЖН2С4ЪЬ
30765.opus,#Щ0Ъ5ТЕО
30766.opus,В ЦЦЖ8Ъ6
30767.opus,ЧФМТЯММВЪК
30768.opus,ЧПХ3ЬР0ФАТ
30769.opus,053#ЗРМ0
30770.opus,Ф92ОСУА
30771.opus,ЭНЧУХ4ГГЫ
30772.opus,ЙЦТ4ДУЩЯСШ
30773.opus,ЧМШКСЧСД
30774.opus,525КЧЗ1
30775.opus,Г6МЦПЩБЯЩ
30776.opus,ЩЮШЦКК
30777.opus,А04ЧМ И7
30778.opus,МПФ89П5
30779.opus,ЙКЖ#Ю#ТЬ
30780.opus,ЗЗ2ДПК2Л
30781.opus,#Е3ФЙИ3ЙЗГ
30782.opus,Ь79ЦУЗ7
30783.opus,ЧБ#П2АС
30784.opus,0 7ЗРОЬ
30785.opus,ЩЕ2М СЬ7Т
30786.opus,ХД ГЩН8ЫГ
30787.opus,БЕВШЛВЧОН
30788.opus,744БЮЭШ
30789.opus,ЦМЖЦ3И1
30790.opus,ГЙД65ХЗ5Л
30791.opus,ЙЦР5ФОРБ
30792.opus,ЛДИВШ6ИДЭ
30793.opus,ХДАН8ЮХЗЮ65И
30794.opus,ОЧЕ588БГС
30795.opus,#ХОБ Л #ТИ
30796.opus,ФГБ ГШЕ7ЖУХЪ
30797.opus,КЪС5ЩШЕЭЛА
30798.opus,НУФ59СЬЛ Е
30799.opus,Д0Я6ЛФЬЦЩЪ
30800.opus,ЯКЪЖЩ7Ъ
30801.opus,О67ИЧР 8С 9
30802.opus,40ЫФ52БД
30803.opus,Р0А БЛШ
30804.opus,ЬАВВ21Ь
30805.opus,УКГБИЭЮЦ1
30806.opus,6 Ы10ИГОЪШ
30807.opus,Э60 5Ц2
30808.opus,ЬХУЩ5АЛРТЬ
30809.opus,СШБЛФТ1А Н6
30810.opus,Я ЯДГГЭ5М
30811.opus,Я0ИНЩТР#
30812.opus,ЬУРЛ8ЛФД
30813.opus,#ЕРЖНСП84ГР
30814.opus,ХБОЬ ЙУ97
30815.opus,Ы0 ЪЭ8
30816.opus,ДФЙЗ3ОЮ
30817.opus,Ч4 БЛ66СГЯЫ
30818.opus,Т32Ь2# К
30819.opus,76ЭЬ8ЬЖДТ
30820.opus,ВРЛВА3РУ6 ЙЯ
30821.opus,Е#АЪ6ХЕЭ ЖС
30822.opus,1ЫВЫБЩТ
30823.opus,3КЗС56МЫ
30824.opus,ИИИЯ66ПЫ6ЕЪ
30825.opus,8Ю8ЗЫОЬП
30826.opus,ЫЭ8Д511
30827.opus,ЧВЬАЪ9М7
30828.opus,Ф#УВЗ107
30829.opus,ЩЕФ6 АВГ6В6
30830.opus,ХЧЩ3Н7П
30831.opus,З#ЕРЗЪ5
30832.opus,ЦПУ04ЮР
30833.opus,43ЯЗ ВЛЮР
30834.opus,5ВФСЙ6 О7П
30835.opus,НП 5ПЛКЖ
30836.opus,6ЧПБД ЙЙ
30837.opus,Л 0И4ЬИ0СЮ
30838.opus,2ЙЕТЮВ38
30839.opus,5УФЮШЪ39ТФ
30840.opus,Ц ФЦНЪ#НОЕ
30841.opus,Д8Х 0ОЧ69
30842.opus,ЕУЛ#У84Ц
30843.opus,Н Я23ЛЮУА9
30844.opus,ФВ# ГЫСЛ
30845.opus,1ДЧ52КНЙМЖА
30846.opus,КОЩ7 ПКА
30847.opus,ЙЪД8ЧНМЧ3
30848.opus,МШЦВВА3Ц
30849.opus,ФКМ8ВМКФ
30850.opus,ГШ Ф8 ЦФ
30851.opus,Я Щ1ЕЪУ #
30852.opus,М8 ПА9606
30853.opus,ЗЫИРАС ЪЗ
30854.opus,ЯЪЗ1ЪЬ
30855.opus,ЖЬХПЬ4ГВНУК
30856.opus,ЮЫЭЛБ9Щ
30857.opus,МЯДШЫСН1Ю
30858.opus,ХТСШХТАО
30859.opus,НХИ1Л0К#
30860.opus,УЮЪКЯНД
30861.opus,ХУЮЮСЪЭ5Я
30862.opus,АВГЩИШ4
30863.opus,М7 Я7ЦТЛ
30864.opus,Н П3ОЛЗ5Ю
30865.opus,88БР9ХНН
30866.opus,428МА#ЛН
30867.opus,БДУ4ШРЙЙК
30868.opus,3ЛЕ8ФМЗШ Д
30869.opus,00 С А4#
30870.opus,Х2ЛХВ ЮЕ ЕЖ4
30871.opus,ЕНТ9ПУФЩКЮ
30872.opus,ПП#Й ЩЙР
30873.opus,ВЧЛУПЛЧА
30874.opus,55 ЗФЬУТ8Л2
30875.opus,Ж8УЧРХЩОЭ
30876.opus,ОЗЙБ1ЭТ
30877.opus,Й6ШАРУЩФЬ
30878.opus,ЖАААВФ#0ИДФ
30879.opus,6ЖЙМЭ20
30880.opus,3ВИВ#ЬРЦ
30881.opus,ЗПЪСПАЧТП
30882.opus,ЩЗ2ШЬЕЭТ
30883.opus,МЧ ЦВ1ДЙ
30884.opus,Л2ННЗКЫ497
30885.opus,УЛ5ЛЙЖКЮИЪИ
30886.opus,ЭУЮ1ВБООЗ
30887.opus,К8АД#СЦ 0Ф
30888.opus,ФНЙКЗЧШ 4
30889.opus,ПФ26ЩГЙ#Д
30890.opus,36ЪЩЗ ТЯ
30891.opus,Д# Ч6РЛЛ
30892.opus,А5ЕРЭЙЗЭ1
30893.opus,0ГЗЕМШУЩЭ
30894.opus,ЭЕКСЩ2ЪАВХ
30895.opus,9ГИАЦЖЯ
30896.opus,ГК#Ъ8ПЕ А
30897.opus,ПЫЙДЖЯ9Ь
30898.opus,Т9Й ФМЦ 7 6
30899.opus,ЩАЬ5НН2Х 8В
30900.opus,Г9БВ К Ъ
30901.opus,Г6МЪЪА Р7ЬЭ
30902.opus,Ь ЗХ О8Д
30903.opus,УЖ8ЭЪФО
30904.opus,# ЭДФЦЩЬ7П
30905.opus,0Ы58РКФ4Й
30906.opus,Ц1Щ4ЩМХМГ
30907.opus,Х6БЫЭЦ М0
30908.opus,НСРОЭ3М2Н
30909.opus,КЩДЫГ0ЖУ2
30910.opus,ЙЫ ФЫСЦЗ4
30911.opus,Ж6ЭЪБФК С
30912.opus,9ЗХ #Г
30913.opus,#ЮРБЭДШ
30914.opus,ЯЯ0В#8ФЗХ
30915.opus,НЧХПЗ1ФЙ8
30916.opus,ЪЬ 92И#ЕЕЕ
30917.opus,50П72АЫШЬ
30918.opus,Ж4УГ Ц ГЖ07
30919.opus,ОЖЮШ ФЪ5
30920.opus,ЧХЩЧЕЩЦ Л
30921.opus,5ЙЖВОЗДБ ШЪ
30922.opus,ЯВХХЙЖЙ4
30923.opus,ЪИН23ОМУЪ
30924.opus,Т2УСЩФ 03И
30925.opus,ХЧЪЫ14Ц
30926.opus,6 4БИАИГ4
30927.opus,ТЬНЬУЧЫ1М4
30928.opus,ЗМН4ЙУ7
30929.opus,5Г4УЙЯЛ3
30930.opus,Й0Й ВВВИУ7
30931.opus,#ГО41ШХКТШ
30932.opus,Д74 ОМОЭЯ
30933.opus,Ы7Ъ#Р
30934.opus,ЗУВ0УТФСЕЬ
30935.opus,ИБ3ЬЭФЦЪ
30936.opus,05НЩЗМР
30937.opus,РЕЖЕХЫ7ФТФК
30938.opus,2ИШ3Ы0ЖЧБ
30939.opus,60К8П
30940.opus,6ДФН Т2ЪЗА
30941.opus,О86ЪУЯ2ЖР
30942.opus,ВШАОЦХ4ЯМ
30943.opus,ФВЮМ5НР0АЯБ
30944.opus,942ФХМЕГ
30945.opus,ДЗКТ2ЙЧ2
30946.opus,УНСР 84Т Ы3
30947.opus,ОУВСЙЫЙЙ
30948.opus,ШЦП0368А
30949.opus,7ЖЗ #3
30950.opus,ОЫ27ЭТАСГ5Ы
30951.opus,НЧИЖП6ЯЭН
30952.opus,ЮНТМЮЩ8
30953.opus,КЦЛ8ДК2В
30954.opus,БЦ Ф2ЯКС0
30955.opus,6ЦТЯЭП4Э2
30956.opus,ЪТЧЖ#8Т
30957.opus,ЮМЪИЕЙЦМТГХД
30958.opus,ЫБСЯИКЪШ
30959.opus,ОНЧ6ИФ#СЪЕ
30960.opus,Н8АЯ3ЪЭА
30961.opus,ОЩСРЖО УА
30962.opus,ЩЩРЦП9Н
30963.opus,Н Д6Ф7 АЗМ
30964.opus,Щ КОИ 5#ЙЫ
30965.opus,Б ФШБРПВ3ФЬ
30966.opus,ЫЯЦ#ШСВУ
30967.opus,ЕЩЙ8ЯПШЛ
30968.opus,К5ИАТУОАХЖСА
30969.opus,ШЖ#ИИУЗИЗС А
30970.opus,7З9Г8ЯПИ
30971.opus,УЬЪБ ЪЬЖЕ
30972.opus,ЫЩ7ИП1СФЗ
30973.opus,Г9ЪФМТЮ
30974.opus,Я 6ККЙХЫР
30975.opus,ЭЕКК6ЙЫ
30976.opus,ЙЙ2С549У
30977.opus,4Ж3БЭРЪЫБ
30978.opus,ЯЦЗ0ЬНФАО
30979.opus,РМ7МЩПЦС
30980.opus,З 55Т9ЙПД
30981.opus,9РЦ8ЧГБЯ
30982.opus,ТТВНТ0Э49РК
30983.opus,Д1ЙДПНДЛП3
30984.opus,ИКЕЩ СМПИЗ7Ы
30985.opus,0ШАПЦЕЦО
30986.opus,П 5ВПНВЗЮ
30987.opus,7Ь6ЦТМГЮ
30988.opus,О4Л 1Д4
30989.opus,ЕЗРО 1 ЖНВ57С
30990.opus,ШПАЧО7ЭШ
30991.opus,3ОИ75 1ИШЩН
30992.opus,НРВБ2#ЦС
30993.opus,ЖЛЙЛЧАГО
30994.opus,04ЛМОГЩ
30995.opus,ПЦБМВЪ
30996.opus,ЖМТ ЮОСЧУМ
30997.opus,АЗЖЭШ31
30998.opus,ЖВТ#ЦНЕЧ#Е
30999.opus,Л СЯ3ЧРНБЩ
31000.opus,4ЗШФЖФСФЧ4
31001.opus,ЭОМЯЙЪЦТПЫ
31002.opus,2Й37ЕЬЪ5Е
31003.opus,С 2Л 7 КОЕОЮО
31004.opus,ЭЩТЗ1ЛЕЮ#Д
31005.opus,ЗКМЪ722 ЮЕ
31006.opus,ЗЖМ# ХЖЙЬДЦ
31007.opus,Ш ЩАЮ5Е ИМ
31008.opus,ИГ6Ц 2ДЭСЛ
31009.opus,З1ЙЕ4УЕГ#Щ
31010.opus,Й3Ц1Э
31011.opus,3Д96БФАПЬ
31012.opus,ЙДЭШ5ВОА Р
31013.opus,ЭХ889
31014.opus,8ХХ2879
31015.opus,Ц7С ЬПБ 8
31016.opus,Ч4#9#УМСЭ
31017.opus,Л8ЦНЗЬЮЫ
31018.opus,6Г9 ФДК1О Ж
31019.opus,ЙОЖЦЬЬ1Ъ4
31020.opus,3СЙ1УОЪ
31021.opus,866РФРЛ6
31022.opus,1РМ20ЮЗЕИ
31023.opus,Г# ШЮШ3
31024.opus,4СДМ62К2#3
31025.opus,Х5У1ХКМХЮ
31026.opus,К82Ж ЦД
31027.opus,ЗЧ9ЯЫЧ
31028.opus,2ПАБТЪЖМ
31029.opus,ФУБР0 ЭВЦ
31030.opus,ЧЮП1К ГБ
31031.opus,ЕЪП Х6А60
31032.opus,НТЫЭ#8БУЩ
31033.opus,О3ЗЕ7З С7
31034.opus,П35И11Ь9
31035.opus,ВХП8Н0ГНЖ
31036.opus,НШ7МЭ#НРЩОРП
31037.opus,Ч П ЩК2Ъ
31038.opus,ЪК83К7И
31039.opus,Д ЕЬЦУА С
31040.opus,ИКЗ#ГЫЫНЛ85
31041.opus,0ЦЙАААЪ4
31042.opus,Ю34ЯМЛГДСН
31043.opus,ЧЩЗ2Е3И0ЧЕ
31044.opus,498ЛЕ9ШК
31045.opus,Ф414У6Ы47
31046.opus,В#Х1ВИ
31047.opus,УУ7С5ВРПЬС5
31048.opus,Г 5ЖТ0Ь5ЩЕ
31049.opus,ГЗВГМЧПЗ1Ф
31050.opus,МЯ2Л3 ЯХ
31051.opus,АЯПХВО03
31052.opus,5 ЦУ5ЩКЪЦ
31053.opus,ХРЮОЖЯЧР0
31054.opus,К5Л ЮЖ1ЧХЭ
31055.opus,0И 4ГГС#
31056.opus,8Л#ЭТПЛ
31057.opus,КФЗ7Й1 3ХОК
31058.opus,ЗИЙ ЩЪГД
31059.opus,9ЫН8#5АП
31060.opus,4Ф2ЖФЛАШЕ4ОК
31061.opus,9ИАЖЦИ6Ц
31062.opus,УВ7РВЗЛРЦ
31063.opus,ГБ2ЬЯТ2ТЧ
31064.opus,7ТГЩП5СЮДЛ
31065.opus,КЙЛЮ1 3Б4Б
31066.opus,4КЙОР 6Ы К
31067.opus,Н В ЫЪТЦ2
31068.opus,АЫПНЛЗ
31069.opus,#В 72ЬЕ4
31070.opus,1Ю 8#ЬД
31071.opus,З #УС07К
31072.opus,7#ТРЭ0Ж
31073.opus,7ХТ45К ЪКС
31074.opus,ФНМЛС1ДЙ11
31075.opus,4Л4АЦЙ9Б
31076.opus,#ЫЕ Ю ХИУ7
31077.opus,8 5В2Ь6
31078.opus,ЪАХЪ7ЦФ7
31079.opus,ТЗЯА9284Э
31080.opus,ВЦЦЖЗЙЙЬ
31081.opus,6КН1Ы9ЬИ221
31082.opus,ЬКДСИР1Ю Э
31083.opus,Ь#ЦФВЬЪ
31084.opus,ЖВ9А6АЮБ
31085.opus,ГЬ7Ш959
31086.opus,Г5Х ЦЖ7ЦН0
31087.opus,4ТГЭЪА11
31088.opus,КЛ8ВЗ0Э 9
31089.opus,ЗЪЮ1ФЖЮ1
31090.opus,НН4АЦБ9Я5
31091.opus,ЫЬРМ1Л4
31092.opus,ЖН8УБИИТ6Я2Н
31093.opus,ХЭ3У5АЦА
31094.opus,ХПЪЙ4М87ТН
31095.opus,ХЯЙ341ЙИ
31096.opus,ПФЗ3 КЙБ А
31097.opus,1Ц7Ц89Н
31098.opus,4У 1ЫЧ#
31099.opus,649УКШВМ
31100.opus,778В37ЬВ
31101.opus,Ч7РО9Ъ
31102.opus,0НЩДНТДО98
31103.opus,ЕБУХЙШЦЭЖЪЧ
31104.opus,Б ДЗИЙЯЭ7
31105.opus,98НЖИЖЧ6
31106.opus,41002Й
31107.opus,7ИФ Т9РФ4
31108.opus,ШД7НДНЙЮР
31109.opus,1БЫРБЩХД9
31110.opus,2ЬЗУ БТЮ
31111.opus,СРЙЭАХОУХСЫ
31112.opus,8И80ШЧЪ
31113.opus,87К Х Г
31114.opus,З98ЫЪЦ
31115.opus,Ф47ТШ2С
31116.opus,Я ЧЬЦВ4Э2
31117.opus,Й8Г ГХ0 НД
31118.opus,5ЭГЮ ЩЪ6ЕЖ
31119.opus,Ю346Ц4ЭЯКЬ
31120.opus,ДЛ3ШЮ5 5
31121.opus,8ГТЬЛ#
31122.opus,ВЯ6Х КЛ
31123.opus,Г0ВЩ27
31124.opus,Х 819ОВАЕ
31125.opus,ГЯ3 БР8ЬБ
31126.opus,ЯБВ Ы5ЕЪ
31127.opus,ЮУЗГЮЗХМ
31128.opus,ГЗЫЧИЫ2ВЬ
31129.opus,Ь 6Т97Ж
31130.opus,ЩЦЬАЖ8ИТЛ7В
31131.opus,ЮЛКАЩА5З9Н
31132.opus,Х ЯЮЗН719Н
31133.opus,ОБЛГ МХВ #
31134.opus,Ф Ч8ЩКБ
31135.opus,4ЫВЪОЫЙЯ
31136.opus,ЯЩ7#ТШЧ
31137.opus,ФЬКРЮ1ЖЕАЙ
31138.opus,Ю33АЬОХ
31139.opus,ИДПЖФМ#ЛФ
31140.opus,21О1 Ц Л
31141.opus,ЖРКЯККЗ35
31142.opus,ТИМЦТЫИЪЬ
31143.opus,ЪЧГ9НГДМ
31144.opus,У8ДХ 2Ю8Ч
31145.opus,Т4#ЫШЛО
31146.opus,ЙХЮНЮЙЮЯ
31147.opus,ЛЖЗ8СЮБП
31148.opus,Б ЪП3#П7
31149.opus,8ЫГЫМ#С
31150.opus,ЧДУ9ЩД3З
31151.opus,Д9 МЧЦЭНД2
31152.opus,#ВПБЛТЮ2ИФ
31153.opus,Ш1Х#2 С
31154.opus,УА5ОЖЖЛЗВМЮБ
31155.opus,П Т Д 6Ъ4Х
31156.opus,КЧ97Е7ЗГЙ
31157.opus,6ЮЙОС Ы7ИК
31158.opus,6#УЪЗ#ФИ
31159.opus,Е 3ГЕЗ22Ю
31160.opus,ЙЖ ОТ ЕКЛВ Г
31161.opus,АХ9ЫТФР27
31162.opus,ЙКФ1ЩОФ0
31163.opus,2И0ШШ8ЦК
31164.opus,ЧСР49 ЩА
31165.opus,ЛЙШ0ЪЭЫ
31166.opus,СГГВХЯ4ЕТКЪ
31167.opus,ЮЯГЬФНР
31168.opus,П60А#ЖЛ ФЩ
31169.opus,5ЭТО32Ю0
31170.opus,Ю4ЙИ1784
31171.opus,ЕЖХУЮВ#УЦ
31172.opus,МТРБ49ЪК
31173.opus,СЭУУНЙДУЛ2
31174.opus,ШЦД1 ЗЪ8ЩЦ
31175.opus,Х8ЗЧЧ ШГ
31176.opus,Х ЦЛ3ЖЯ5ЮЧ
31177.opus,КЧЫШ Ч3
31178.opus,2ЗРЖРЪ0Ю8
31179.opus,Э МПХ2В5К
31180.opus,ОЖ#4ЖЮФК
31181.opus,ШЫ4ЕЙТ5МЕФАЗ
31182.opus,9М 6ОД0ТОЛ
31183.opus,ПАО5ЙГЙ
31184.opus,5Ъ4ЮБ 6 М
31185.opus,УЗЭП9И
31186.opus,ЩЗДЙЕ7З
31187.opus,# ЭФШХЪ ЖШТ
31188.opus,УЧ0ЬК#Г
31189.opus,ПЙСКЫЖБЛ А
31190.opus,ЩШЪСЯ
31191.opus,НХ2 Д9ЖЕЩХ
31192.opus,ЭЙШККМО
31193.opus,Я 4 ЧП795Ж
31194.opus,ДМРЬЖО6М
31195.opus,54 ЕЦ8ЮЫ
31196.opus,ЮМЦ 6НМШ
31197.opus,А3МЪ435
31198.opus,М30АШЕТ7
31199.opus,Л#О6РПЪ
31200.opus,Л95ПГ1Й
31201.opus,8МЛВ3Ш#
31202.opus,Х8ЬБЗЭЛТО
31203.opus,019Н2
31204.opus,НЙЖФ ЮАС5К
31205.opus,ЬЫХЮИ МЦМИ
31206.opus,9ЩМ80ЮК
31207.opus,8Т9ЖОХЦЩК
31208.opus,ЯЯЛХШО И
31209.opus,97КНЦСМЬХК
31210.opus,Д ОП5Щ9
31211.opus,МТ7БЬ3А ТЬ
31212.opus,0Б6ЭЯОЮ Х
31213.opus,10ЙПДФ
31214.opus,ЭФИЪА3ВН
31215.opus,0Ч2ЖЯЕСК О
31216.opus,14Ш38
31217.opus,ЩЛУСЛСАШ
31218.opus,ЦБ4Я3КО
31219.opus,УХ5ООЛШУБ
31220.opus,ЪЭГЕШ6#ООЕ
31221.opus,КУ#Ч 45ТШ
31222.opus,ПАЙ#ЧРАЪ
31223.opus,15С БР07Е5
31224.opus,ФН7Т8ЫНЩЦ
31225.opus,Н7160БЮ8
31226.opus,7ГФВРС3Д3
31227.opus,6ЪБ3ЧЬЩЫЫ
31228.opus,Ь8Т#4ЪГБ
31229.opus,5Й5ШЦЖИД4ФН
31230.opus,С#23Ч55
31231.opus,А3ЫМ8 3ЭЦ
31232.opus,Щ#4Я9Б5ЫЕЗ
31233.opus,АБ2ОЫЪХ3Ю
31234.opus,1ШИД4Н8
31235.opus,КДЧН783Г
31236.opus,ЛУ8МЯШЮК3
31237.opus,ЦЙЮ1Д6М8
31238.opus,#8Щ #ФГММЗ
31239.opus,Й2Л ЙХЫ
31240.opus,086ХБФ
31241.opus,ЙДЬС5ОЭ9 С
31242.opus,ЪЛ07Щ
31243.opus,ОЪ# ЫСДМ
31244.opus,1Н84З8
31245.opus,ХУЬЮАОЪЛ
31246.opus,ЧЯФ4ЦАВНЛ
31247.opus,ЪЙЩЯЪМГИВ
31248.opus,Э9Ь2Ж3Ы
31249.opus,Щ16ШЛ44
31250.opus,ГЯЩ6МЗ
31251.opus,М1У6ДЬН#М
31252.opus,ЕГМЫЙ0ИБ
31253.opus,ДЪ1 УЕС МХА
31254.opus,ЭРЪ4РОЧРВ4С
31255.opus,КЮ3АЖГРД
31256.opus,УЩБНСЛКХЩ Ю
31257.opus,ЮХЮ5ПФЖ
31258.opus,Ц1НД8АЕ
31259.opus,1ДПЪЭ#О
31260.opus,5729ЮЪЧ
31261.opus,Б0ЬЛЪП СЪ
31262.opus,ПНВЦУ6Н9Й
31263.opus,ЕФ 2ОТ9Г7Е9
31264.opus,МХНМЬД5РФЙЬ
31265.opus,П8 ЦБ7К22ААС
31266.opus,ОТЩ8РЙРЛ5ЛА
31267.opus,ЕГХЖ#Я5Л
31268.opus,ГБЩЩЯЯС
31269.opus,5ОП5ТЖР2
31270.opus,ЬСКЭБ НЩПТ2
31271.opus,У1Э4УУЕО
31272.opus,БКЯЕАЭ1
31273.opus,ЫТЖЩЧШЪЫ
31274.opus,ХП Л4К#9
31275.opus,ЪСПР А35ЭА
31276.opus,ВФЫРЫЭЗГЖ
31277.opus,5ЩЖ9ШЖЙВД
31278.opus,663ЯШФЦ
31279.opus,Г ЗЙРТЪЯ 6
31280.opus,5ЩЫАН Ш43КР
31281.opus,БТЫЯЧ#0
31282.opus,#ЯИЫЖИЭ ЗУ 6
31283.opus,ЕЬДЧ34 Х#Т
31284.opus,ЪЕЙТВНЩП5Ш
31285.opus,М7ХКДЖ2ЦО
31286.opus,Ш79К4236
31287.opus,С4#ЛЙ6ИМ
31288.opus,8ОЖЪЮБ
31289.opus,Щ2Ы44 Т7
31290.opus,ЧЭТОЖБ38
31291.opus,СГЙ7ЗЛ#З
31292.opus,ХВЕОЧММЮИ2П
31293.opus,П 3ЩЙФЭДЧ0
31294.opus,ЙМУ3ФО9М
31295.opus,НРБ8Ъ4ЛИИ3
31296.opus,БАТ67ИУГИЛ8
31297.opus,М ЮЖ2ЕТЧ
31298.opus,МЕТИЯЕИУ70 А
31299.opus,ЙЖ0О0 ЫК
31300.opus,ЛМЯ83 ХИЩ
31301.opus,Р3ВБО5КК
31302.opus,Е1ФИЦ9Щ
31303.opus,ШИЯЧКГ1И
31304.opus,ЪСРТ0Г4ЬЩ
31305.opus,ЯУКЕКТЩ1КФ
31306.opus,1ЩРЩСХЪ9
31307.opus,9Э1О5
31308.opus,ЮЖАЭПВЬЧ7
31309.opus,ЗЭЯ9Н4Щ
31310.opus,ТЕ 2ВДЬХЪО3
31311.opus,ЬЕФН6З Д
31312.opus,9 ТЭЖХП4Б7
31313.opus,7АКК П6 ШС9
31314.opus,З5БЪЯ98
31315.opus,ЦО2ЬБЬ7
31316.opus,571ЮХ 6Х5
31317.opus,ШЩЛ85
31318.opus,Ж7 ЮАР9 ДЛ
31319.opus,ЪЪЮГМХЩХЕ
31320.opus,Н55СХ 12ЙЩ
31321.opus,6 #9 ВОТ2А
31322.opus,ЬЫТ4ИБДЛПН
31323.opus,ЭГВТ9ЧАЙ
31324.opus,МЛ8ЙТ 2АЯ2
31325.opus,Ы18 ЖВАЩМ
31326.opus,ТЗДЕЮЪИОРКТ
31327.opus,АГЕЛ#ЭЩЦ
31328.opus,ДРСЯЮАЯБЮЮ
31329.opus,ПЗГЫОА7С
31330.opus,76Ъ4ЯМЦ
31331.opus,НТАОД7КРЭУ#
31332.opus,НЪФЭНМЗО
31333.opus,УЦЧЭЦХДОШ
31334.opus,БЗК6ЩЭКДНЗ8
31335.opus,Л ЙПБ0ЗТБУБЯ
31336.opus,2ХАЪ0РЪ6
31337.opus,МЯ ЧВШ6
31338.opus,3Ж С10ЭКР
31339.opus,ЫФЭШ4ИБ0
31340.opus,ЩКЭИЧЖГДВ4ЬУ
31341.opus,ЦИЬ6ЮЫИ7С
31342.opus,ВЧ#МЦЦ
31343.opus,УПЬ4Й Я0
31344.opus,И ЯЬЛФ ГРТ
31345.opus,2О ЩЦЙЗС
31346.opus,ВУЫФ0ЬМ
31347.opus,Щ96ВЬ7Й
31348.opus,О 239ДУ
31349.opus,БХ591 КНН6Я
31350.opus,М3ФОД Ш К
31351.opus,Н7#ТЖ2#Б5
31352.opus,ЬЯЪ Ч Г8
31353.opus,Ц8#Ш3ТЙЗ
31354.opus,ПКЖЧД5А2ЖЙ
31355.opus,А5ЯР ЫЧЮЪ Ч
31356.opus,ТА1ЗВ2Р0
31357.opus,ЧЭВЛЩ4СЩИФ
31358.opus,#Ю0АЫ1ОБ
31359.opus,##АССФ4СИ
31360.opus,Ч3ЗЭЙП
31361.opus,ЭВ ЧЩМЦГР
31362.opus,КЯАП16ГЮ
31363.opus,Б5АЮО1Е6ЖУЙ
31364.opus,ХП Ц Ц29
31365.opus,ЫЭЙСЦС4
31366.opus,Э1ЭР7 У8
31367.opus,ЭЫХ9ЪЕЖ
31368.opus,28ШЮЕФ ЫЗЧИ
31369.opus,ПШЮ5ЖО
31370.opus,УРЙЮ8ГХ8
31371.opus,ИЧЭАМЭЩХ
31372.opus,ГЕИЕДИ Х0К
31373.opus,ФЛВФ ЕЧКЮХА
31374.opus,ЮБ 55ЛИ4Ы
31375.opus,ЮГ0З3ОЯЬ
31376.opus,У60ЖО5РЕ
31377.opus,ЬРУД8ЖЖХ4
31378.opus,ЗМ ЯБВТЛОБ
31379.opus,7С7ЩУ93ХА3
31380.opus,ЪЖЗ 8ШС
31381.opus,30ЧЮНШПГ
31382.opus,МЖЪ2390
31383.opus,73Щ5П53ИХ
31384.opus,ЖЛЮБНБ 9ЗУ
31385.opus,5ВХ ЦЛ7 УШ
31386.opus,ОХП9ПЬ7Ж
31387.opus,ПЦКФЮЧ
31388.opus,ЪН9ЧБЛОЫ
31389.opus,ЧКЕТЮК5 У4Д
31390.opus,5 5Ы ЭЩ0ПЭЙ
31391.opus,Ю ЫЪШОФ Ч2
31392.opus,П #5Ы57Ъ
31393.opus,Э1МИПЕ ЯЩБО
31394.opus,Л9ЦД08Ъ
31395.opus,НСЮЕ6ЯСЪЪМ
31396.opus,Д1СИ0П
31397.opus,0К7ЩУИХВ
31398.opus,9В3ПЩПР
31399.opus,94УУАЬ5Ш
31400.opus,ВЭНЛАБ#РВ5ХМИ
31401.opus,ЗЧОШЪ Х
31402.opus,84ЙЗ4 ОША
31403.opus,АЦЧ4ХП6Ж
31404.opus,П 39Ч9БЪ
31405.opus,Ю Э4ЧБ5ЫН
31406.opus,ГВ ЧО5Р#ИНЮ
31407.opus,У8ШР#0
31408.opus,ЬЯВ8ЮГ
31409.opus,7Ъ58Т4
31410.opus,УЧ0Ш#В
31411.opus,Э9ТЦЮ22
31412.opus,6Ч1С1Ц9НР
31413.opus,П8КЬДТФ9
31414.opus,ОКННБДТ НГ С
31415.opus,14 ЖЯЧЧ9К
31416.opus,ЬЕЕ5Щ19ЙН
31417.opus,МКН25ОЙ
31418.opus,5 ФХЯЫ5Д
31419.opus,ТУОГ66ЮЙ
31420.opus,СС8ХООЖЬЮЦ
31421.opus,ОЫЧФ ХН ЫЫ
31422.opus,НЛ 6 Е1П
31423.opus,ГНШНЬТЪ
31424.opus,ЫП0НЪ ЮЛВ
31425.opus,ШХИГ# АОЦН5
31426.opus,ЕРИЬФЭЧХКС
31427.opus,Д5ЩЖОЫБЗЦ
31428.opus,Л#Б Ж7ОХУ
31429.opus,ЬХГУЖШЖ
31430.opus,Ч#З5ЧЯЯ
31431.opus,0СХ0ХЯШМ
31432.opus,ХЯИД9ЫАРЫЯ8
31433.opus,Я5Я#О9ЭЖЩ
31434.opus,ЙРЮШОЩЩ
31435.opus,НХУЪЖ2ЗД2
31436.opus,ЭГЖЙНЧД
31437.opus,Ь0632Ш
31438.opus,ПЧТТЦ4ДХЭРНИ
31439.opus,#ЛНЮГМЬ
31440.opus,Р#ФЫЯЬ#
31441.opus,Ъ75Ц9УЧЩ4
31442.opus,И4ВИОАЩЯЗБ0
31443.opus,#СЪ7Э3РП75
31444.opus,ГЕЯЕ4Э07Р
31445.opus,НМХ01ШЙД ЪЫ
31446.opus,8Й32К0КЗЕ
31447.opus,6ВЖК9ГЗЩРВ
31448.opus,88ЧИРЕОЪ
31449.opus,ЧЫГЬВЙГ
31450.opus,ЭКГШГИ0ЛТЙ
31451.opus,ДЧ1РФ
31452.opus,Ь ХРЕХ7ЖФ
31453.opus,Е НЛ 4СБЛД
31454.opus,П2ГПЫ#ЫЩДХ
31455.opus,ЩТ Э32ЕЖД
31456.opus,Е8АЬЗ2 ЯР
31457.opus,ИЯ6Р7Щ0ОХ0
31458.opus,ШАСНБАН1ГО4
31459.opus,У3ИЫ1ЖЫЦ
31460.opus,Е88Е13РЖЪ
31461.opus,Х3Й8Э50Р
31462.opus,ЩМ ЧСДВЬ
31463.opus,К1ЖЭ2Ц7
31464.opus,НФ#Б0Л4Г
31465.opus,ШО47У9Ц3
31466.opus,БЩКШ З1Д
31467.opus,ЖРА ГЖХЯ ДК
31468.opus,ВЬЬОЦХ8ХО
31469.opus,ЭГЯ 5ЕЕ29Ю
31470.opus,1ЦУХЬУГИБ
31471.opus,ОЭ 7Ю2С5П
31472.opus,КФ9Щ60
31473.opus,ЖЯБ32ЖЩ3
31474.opus,99ЕЗЬ8ИСЩЩРХ
31475.opus,СКБ2ЛУЭ16
31476.opus,4ЗЯ8 ЖЪ
31477.opus,ТЙЩЯЙКЖПП
31478.opus,ЫА БЩ31УВЕС
31479.opus,ЩУТ#Щ#7Г
31480.opus,МЧ2ЦСК2И
31481.opus,ЬЯИМ0ЬМСДЬ
31482.opus,ЕХО10ВЫЮЪ
31483.opus,11 Й2ЩЛСМ
31484.opus,7 ЛЬЧ8ОГЬК
31485.opus,0ЬЮЩПЗ МЧ
31486.opus,Б3ДС19А3Э
31487.opus,Т58М4СЙИФ
31488.opus,СОХЖЗЪЛО7
31489.opus,ЕЦД#СЗ17
31490.opus,РЪЭТ1Ф58ГР
31491.opus,ЫЖ1П8КШ
31492.opus,Р45ПО5Е Я3
31493.opus,4Т Г ЦР 5Я5
31494.opus,ЪЬ3ЭД6МЧТ
31495.opus,ОАФЧУЧВГВУ
31496.opus,Ы4У4УЪСЕ1Т
31497.opus,Б50ЧАСУМО#Н
31498.opus,ИХА0ЧТГМЛРЖЫФ
31499.opus,ОГНЪ17ЫЪ
31500.opus,Я0ЖЧГО
31501.opus,#И9 2ФБЬВ
31502.opus,СШЕЦХПК#
31503.opus,4КТТЬСЦМ5
31504.opus,У4З90ЕР6
31505.opus,ОЛЙ АЕСЩКЗВ
31506.opus,ЪЭЕЙ13
31507.opus,8 ТФ 2РЮ
31508.opus,ЬЖРБ5Г#7
31509.opus,Ч#5ОВСЩБ
31510.opus,2 КГФ0С
31511.opus,ЭЭЕ5Ю9Р85ГЮ
31512.opus,ЫХ8 А3ЕН8
31513.opus,АЖЭЬЫХЮ0
31514.opus,ЪЗЩ ВГ8З
31515.opus,АШ#МСЭЫ Э
31516.opus,8ЪЦВЫЙИ
31517.opus,Х5СЫЮЮД33
31518.opus,ШЫ54Г8Ц4
31519.opus,ОЮ9ЪХГ Е
31520.opus,ЖУЕВЮПБЙ9П
31521.opus,ФЧЯЛЙЧЭЬД
31522.opus,ОСЮ0ОГ5
31523.opus,ВИЦК7#ЙЦ
31524.opus,0ЭМНФ5#
31525.opus,Х0ГЙЦЕДИ 9
31526.opus,5ЗЮКТППХС
31527.opus,ЧЫ9ЬЭ5ДМ5
31528.opus,БЙВТЭТЦ92
31529.opus,ШЧЯА16ЩИ2Ч
31530.opus,Ю 0МТЫ04П
31531.opus,Э ЯЯЙШХОЦ0
31532.opus,55ЖХЙМЗЩП6
31533.opus,С8ШГЪ18ОТ
31534.opus,# ЕКЧХЙ46
31535.opus,8АЮ5ЗЕДЦЮ
31536.opus,ХЦСОЛШ9Б
31537.opus,ЫЫГ8Э
31538.opus,НЪЗВУТИАО
31539.opus,ТКНД4ЮШЪФО
31540.opus,ЛЫКГ93ЗХА
31541.opus,ИЬЫШЛИЬКЙ
31542.opus,Ю НЮНЭ3М22
31543.opus,НЛЕМЫЬЮЮАНА3
31544.opus,НЫ20ВЧ6ШЯ
31545.opus,УВ6Н Е34ХЭ
31546.opus,ГБ Ф 0 #Э
31547.opus,Ь6Б6ЭЖЦ#ШВ
31548.opus,23АЮВ3ПЪ
31549.opus,3ЩЛРЪЮЦ1
31550.opus,ВМ ЛЮЙ2ШР5
31551.opus,ЖНЮОИ#СЮ
31552.opus,ЭГЦЪЧ5РА
31553.opus,0ХШЕЯДЛ
31554.opus,НЮБ75ИРГ
31555.opus,ИЕ7#ЛЮФ3Л А
31556.opus,Р8ФС #У372
31557.opus,75ЙЩЗ2Й
31558.opus,АГД 9Ф1
31559.opus,#8 3ГТЕО
31560.opus,ВО17ЫЪБ
31561.opus,Л ШИЗГХГШУ
31562.opus,ЦЯУМЫОКЖЧА
31563.opus,5Ч753 76 Ь
31564.opus,ТГЬ11ЩВ3
31565.opus,7ДХЧ0ДЗП Щ
31566.opus,Ц 1ЦКБДЧЖ6Ш
31567.opus,ГМЭ3 Ю Ч3
31568.opus,К5ЭЕ9Ф7Щ
31569.opus,В108М1Ы1
31570.opus,4ЖЛС4Ц ХШ5Р
31571.opus,К1ЦКМШВШ
31572.opus,ФЪЭ ЪНЧ2М3И
31573.opus,ЯЖЮДССЗ6ВИ 4
31574.opus,Х Ч3ЗЯБЧСЩ
31575.opus,ЧП7МЛ6Н
31576.opus,9О Ю79ФАРЗ
31577.opus,4ЮВЪЗЩР
31578.opus,ИЕДЭВТЪ5Ф4
31579.opus,8НЬ ЪЫ0ГЛЩ
31580.opus,КЫ9ОЬ1
31581.opus,У68ЯМИ ЫЛ
31582.opus,В1СЮБЬЯ
31583.opus,94ЬЧ 107
31584.opus,ЛВЛ И6ДВ
31585.opus,В10ВЗУЧ
31586.opus,ЙЕЖПЦРЙ8Х
31587.opus,2НАГПРЬ
31588.opus,ЭЬТ # 93МЛЯ
31589.opus,ЙЕЮ7МЧЛ0
31590.opus,16 ЙШР С
31591.opus,АМЯ 36РТТД1Ъ
31592.opus,УАЪ8РСВ
31593.opus,ВТЖУЖ ПШЮЗ
31594.opus,6ЦМ1ОМ#ЫШ
31595.opus,ЦЗПМ8ЬЦНЙЧЪ
31596.opus,58ТЧЕБ
31597.opus,ФНЮЙРА
31598.opus,#ЧЗАЫЭХ
31599.opus,П40ЮЪГВ
31600.opus,ЬГ ЙБК3
31601.opus,7 ХЖЭЗТ Ь5Х
31602.opus,РЧУТЗЬР4 Г
31603.opus,ЦБПК61Т6ЕФФ
31604.opus,7ЦЙЯ4ЛН#7
31605.opus,ПО Л 5ЛЪ1М
31606.opus,9 6РЯГЩЯ48
31607.opus,ЮФХ11О1В
31608.opus,КШАЧАОМЕЬ8И
31609.opus,К#8496ВР
31610.opus,1 ГЩОЕРЩБЩ
31611.opus,ЪЕЖОФЫАМБ6
31612.opus,ЗД 2ШСУОЙПЖ
31613.opus,3ЮДУИП3Б
31614.opus,ЭЩЛВН4ЛВЛЩ НМ
31615.opus,52ОНЖХ 3ФХ
31616.opus,00ЫД Д ЭМ6Я
31617.opus,А8И#5Ц7Я
31618.opus,ПМЙЙШЪ858Ф
31619.opus,#ЙТ ОЭМИЮ
31620.opus,РТБ БТУЬЬХЛ
31621.opus,46858ЩХХ
31622.opus,6Ы2Ы0АЦЮ6О
31623.opus,8ЙЮ5ЦХ
31624.opus,2ХМАПКЙ2
31625.opus,ЯТЖВОН7Ы#
31626.opus,ГЮЖ4БСЧФ
31627.opus,ВДЯЭЬ ЛНУ7
31628.opus,#ЗЦ0ЬЖЪ ГЕ
31629.opus,ЗЛ ПЮЗЦВПЯ
31630.opus,783БЧЯК
31631.opus,Б44ЙЙШЫ9
31632.opus,Ч6М3ЦЩВ
31633.opus,ЕЫЛШШБ0ЩДХ
31634.opus,Л5АНУХРПФЮА
31635.opus,РЬ6ЭЫАСАП
31636.opus,ИМГ Г3ЕП 03
31637.opus,З Н3БЗ Ь2СЖЮ
31638.opus,ОЕТПДЫЪКЪКФ
31639.opus,10 Ь0Ч
31640.opus,Р Х7Э5 0
31641.opus,АЪЩЧЖ0 П
31642.opus,В7ПХВ2КШВ
31643.opus,2ТЫЕЩ ИЮФ5П
31644.opus,84АР9
31645.opus,0Ж Е3СЩНМ4
31646.opus,ЦУ0ЩЦНЖ
31647.opus,ЩЙРУРЪЙЛЕ
31648.opus,4ЧДА8ОЖ3
31649.opus,ВБ706 # П
31650.opus,39#Д0Ъ3
31651.opus,Я#2С1 ЙР
31652.opus,ЛЙЮЬ73
31653.opus,АЛШЪЮ 0ГЫ
31654.opus,9 МЭШГЗНЛ2
31655.opus,ФАЮ БЫЬХИБ4А
31656.opus,ЪЯЖ8ШШО5
31657.opus,Ь К0 7Ъ ДБР
31658.opus,М1ЙЛФ40
31659.opus,БЪГЗЩ1
31660.opus,51МХЧКС 8
31661.opus,ЧИЮ#М7З3
31662.opus,80ЦШПЛЫТ
31663.opus,НЦП32Щ5
31664.opus,НПН#КФ6РВХА
31665.opus,УУИАЩЦТФПШК 2
31666.opus,ЧХЯЫШЦЩ
31667.opus,АТ4ВХК ЧИН
31668.opus,О ЭЕ#ЩЫЮ Я
31669.opus,ДЙМЗРЩТЮ
31670.opus,Щ9Б0К8С3
31671.opus,05ЫШЙ ЧЧ
31672.opus,РРЦ1 Я7Ю
31673.opus,Ч68ЪДО3Р
31674.opus,30Й АЖППБ
31675.opus,Р6 Р515К2Г#
31676.opus,С8В# 3ЕИЪГ Ф6
31677.opus,ЭШ82ЕЯ5ХЗ
31678.opus,Я1#ЫШН6Й
31679.opus,9Н Ч6Ц9
31680.opus,ЩО4ЦЙЪ
31681.opus,АЧ8Ь28Ь
31682.opus,ОЖЬМПЕ74
31683.opus,ЬКЭЕ6 0
31684.opus,ЪЪЖ6ХШМХ
31685.opus,П3БИ30Ж
31686.opus,БИЩ4С#ДТЬЩ
31687.opus,ЯЙ63Е5РЕЭ
31688.opus,Ю ШКХ АЦЗТЫ
31689.opus,6УШМЗЧЖЧЧ6
31690.opus,РД1759Ч Д
31691.opus,ПДЧЪ2У ПД
31692.opus,НЧ#РЯХ49Ц
31693.opus,#КТК4Э3ЮЭР
31694.opus,М4З8ДМЪХ
31695.opus,ДП4ЭЗЮ
31696.opus,ХЬ0ЪН8ЫЫ
31697.opus,0 ХИ9Ж3ИЕ
31698.opus,Ь АЙН Н13
31699.opus,3ЙКЭ0 1
31700.opus,ЦЫЫВ32ЩС7А
31701.opus,ЖСЧДБТ24Е
31702.opus,00Ы7ЦХС Б
31703.opus,ЫБДЖЮШЖЛ
31704.opus,Л5 Щ4Д3Ш
31705.opus,ЩНГЖЪХЧУГ
31706.opus,76ЦАЯ1ЛС
31707.opus,0ЖЕЖЪ8СЖ
31708.opus,КГ 1ЦХТШК
31709.opus,РСКЛЖЩЕЫЩ
31710.opus,ЯЬФ ВЗ6#
31711.opus,8ЙЙУФЫВРГЕШВ
31712.opus,Г 4Я6Р 7Р Ы
31713.opus,Х03ЦОЛ БСЭ3
31714.opus,НО1БДГ2Ю
31715.opus,МСХМШЦЩУТ
31716.opus,ВЩТ3ЬП4М
31717.opus,99Щ93ЙМ
31718.opus,Б5П#Ч
31719.opus,ФЕИ ХСНЦБ5
31720.opus,У8РЪЪЯ0
31721.opus,ЩБЦКЩЛВЪ
31722.opus,6РЫИЭГ5Т
31723.opus,Й ХЧГЦЬ5СВ
31724.opus,7ЯОАКОЕОЯЦ
31725.opus,Р УЯМЛ МЮЭЭФ
31726.opus,9ЛЬЮР#31
31727.opus,ЭЪКИ5УЪЦ
31728.opus,МЛЪЩТ52 Я
31729.opus,ИЮЗТЯК0ЦМ
31730.opus,ДБ6ЭХЦ# Р
31731.opus,3Ж ЯЧКДЪНМХ
31732.opus,Т9УЛНЦ3
31733.opus,ЧЬЫЗ4ФЪ
31734.opus,ЦЕ9ЪТЙО
31735.opus,ДВХЯБГ5Й
31736.opus,ЩШ7Й40Ч
31737.opus,ЗБ91П5Л
31738.opus,Л8ЭК0ОК
31739.opus,РЬЗЧЙ#4Ю1Ю
31740.opus,19 Ь9ГИГ
31741.opus,6УЦЮЕЖУ0Я
31742.opus,ИДДВЕЮ46 4
31743.opus,2ЫИСД4ЛВЕ7У
31744.opus,ПН22РЯ
31745.opus,ГРВЫБТ
31746.opus,АЫ3Л ЭЯФЛ
31747.opus,ЭУ ЗО59С
31748.opus,Р 4СК2 АЬ4ИХ
31749.opus,ЙХЯФ7Д3ДМ
31750.opus,ИЦ4Ы#09
31751.opus,РАП4ЯФЖ8
31752.opus,Ш0ГЗПЯ
31753.opus,ОЧСЛ7ЮМЕХ
31754.opus,И32#ФЮДГЩ
31755.opus,ВЫ2Г0БЪ
31756.opus,#ДРЙ  ШЬД
31757.opus,УЦ 0Я30АФУ
31758.opus,ЦЦ0#И ЫБТ
31759.opus,6ВК ТТЧН3ТАСА
31760.opus,ХЬЦ3ЩИРХ3
31761.opus,4ЛЯЮГКФГШАТЬБ
31762.opus,4ФООМ8СБП
31763.opus,7ВСЯКЪЧХ3
31764.opus,ВРДЧЗВЕТЦР
31765.opus,ЦЪ3 3Д
31766.opus,1ВЩН4ХЙ#
31767.opus,ЫЖ М3ЭКЧ
31768.opus,3Г0КНЮЕЙ1
31769.opus,1ЕЖГЙЩН#
31770.opus,Ю9ТЗЫ7М
31771.opus,5Ъ4М#НШО
31772.opus,Ж 9636 7
31773.opus,БЗТЯИ4Ж ТЪИ#Т
31774.opus,О654Ф#8
31775.opus,НЫЪЩМ7ПНЩГ
31776.opus,66ТЭ4ЦТМНЯ
31777.opus,2И ВА0ГЗ4
31778.opus,Ж6Х 44Э5
31779.opus,ЭЭ3ЯШ4ИХ2
31780.opus,ШЛ9Х96
31781.opus,ОО0ЙЪЪБ
31782.opus,НЦЖЯЖЦХЛЦН
31783.opus,Ъ4ЗГФЙЫА8О
31784.opus,ЭДХФБВЮЙ
31785.opus,Ь2Ц2З4
31786.opus,НИ6С7ШЗ#ЭК
31787.opus,ПК969ЪРВ
31788.opus,НЗ2Э7РЕМ
31789.opus,У69Т6 ПКЮД
31790.opus,ЖЪЙЩЫН5Й
31791.opus,Ш#С8НЭЦИШ
31792.opus,И6ГЫТИОКЗ
31793.opus,МЭ У2ШВ7
31794.opus,ШШ0НГ1Й
31795.opus,Ж8ЭИЗЬЕ9Ю
31796.opus,Э8ФЕУФГОАДФ
31797.opus,Ф7ЩА ПЛ#Р
31798.opus,М2ОАБЪ2ЬИ
31799.opus,Б 9 6ГЛ СВФД
31800.opus,ШЬЧЯ7ЬЩ
31801.opus,Э #ГВКХ9
31802.opus,ОТ98З8ЕШ
31803.opus,58ЫЯ3Н9Н2
31804.opus,8ГЬО0ПЧ
31805.opus,РШК7ФЮ55ЧТЕЦ
31806.opus,А3ШГ8ЯЯЗ
31807.opus,ЩБАВ2Ъ#ЭК
31808.opus,ИАЕК МФФМЛЦО
31809.opus,ЪЩФЗ39
31810.opus,МЦ8НЪМБ
31811.opus,9ЯПЪИ2Д
31812.opus,ЯТ#83Ф
31813.opus,ЮДГЩУ45Л
31814.opus,ИЙШБЗОН ЖЖ
31815.opus,38 ЖООФЮ
31816.opus,7НХ6ЖЭА#
31817.opus,2ЭИМЬШ0
31818.opus,ЪМ0ИХИ3ЬМ
31819.opus,39ЗЪК8ХИМ
31820.opus,16ЪНЕСЯЩ ЫТ
31821.opus,4БЕЙГЮЬЕ1
31822.opus,039ОЪНБ2
31823.opus,ЙЫ0ЪГБ
31824.opus,Н#ЩЗАЗ 4
31825.opus,Ч0Я0П8
31826.opus,ТР1ОЯ9 Ж
31827.opus,4ЯФЫ 5 8А
31828.opus,Л БЩ1ТТ00
31829.opus,ЦЫЯ0МЪИ#
31830.opus,ФЭ3ГЖАЬ
31831.opus,ИЭ71Б#А
31832.opus,Г9ЫЭЦЦУЮ
31833.opus,ТУ2Ц6М0К
31834.opus,Н7БГ #ЪЩ
31835.opus,ЦУГУР#ШВ А
31836.opus,91 НАВЖЧХ
31837.opus,ЭЭ0Т ФЮТЬД
31838.opus,Ю9П68ФЕУЬ
31839.opus,ЪФЪ31О
31840.opus,ИЛЪГ4ЦЛ6
31841.opus,КСЙХЪЮЧТ5УР
31842.opus,ХЭ6ЮЪЛХП
31843.opus,ЖЧИТАУЦХ5ЛЫ
31844.opus,ЦЦАХ0#3
31845.opus,ФИ 1НУ2 Ю
31846.opus,ЛЩН7НВИУГ
31847.opus,ДВВРГ3НЬБ5
31848.opus,АШЛНЪ7ЧБЕЫ
31849.opus,1ЕФ#ЖНСИ
31850.opus,5ЪЦОЖО
31851.opus,0735#2 Н
31852.opus,ЮККЛ 5ЖОЪ
31853.opus,Й#ОШНЕ3Х
31854.opus,ИК#ИЩЯЭ3М
31855.opus,ЖЦ7УБРЬ8Ф
31856.opus,ФФ4 ТИХ3#
31857.opus,93РВЫ ЦШЧ
31858.opus,ХЯ ЦЗ3РТКЧ1
31859.opus,ОАМЬГУЩД В
31860.opus,АЕЩ5Ш8#
31861.opus,ЬЗ16ЦЮХ
31862.opus,3ЮГЦЭ #ЙИ
31863.opus,1Ч0ЙГ ЙТ
31864.opus,ЭК 53ТФЮУ
31865.opus,7Е09ЦС1Ю
31866.opus,0А2СЛЧМЭ
31867.opus,УЪКД7ЕКЙЛВ
31868.opus,Ц9Й7 Г7
31869.opus,8ИЫ4ЧИЪЪБЬМ
31870.opus,Ь6ШК7 ЭТЯ
31871.opus,ЪЖ8ЦЭГЦ
31872.opus,МЬ6БСИ5Ш9С
31873.opus,6УЩЦЩ7
31874.opus,5ЛЕДЙ ЩЫ
31875.opus,ДКОПФ4ЪЖ
31876.opus,З ЫЖ ГЕ ДХ
31877.opus,АЩЬ33ХЪТЦБ
31878.opus,0РЗЪЩ05
31879.opus,А#У8Ж
31880.opus,8ЪФОУ3ЪБТ
31881.opus,ЭЕЮ5ШЫ##
31882.opus,ХЭС4ЗВВО
31883.opus,ПЦПХГХ9Л7Ь
31884.opus,ЬЧ3Л61Р
31885.opus,ЦЩЪ#УИ17
31886.opus,ЖЯ2В7РА4
31887.opus,СЪЛ1 ХФИШ
31888.opus,ЫШБУЮЮФЫ
31889.opus,ЮЧ ЭНП7
31890.opus,ЛЗ1#Ъ
31891.opus,ЖВЦЖ Щ0
31892.opus,АФУХЭ4ОШ#
31893.opus,ЫФЕЫЮБЭ
31894.opus,В ЭЕЬ12МТЕНЛШ
31895.opus,5ЙФКЯЗРЭ
31896.opus,3Я5СЩЦЩ3
31897.opus,ТЩХ#ЫЭЭЗФ
31898.opus,У5ЩВЫГФ ПДМ
31899.opus,ЛЦДЫА2ЭО
31900.opus,Ю2ЖЭЮ 8ФЪ
31901.opus,ТЭ5ЫЙД8Л6Е
31902.opus,Т0УЭ9Б
31903.opus,3 8ШГ Ц7Ы
31904.opus,ФХЪЪЩЪ9
31905.opus,У3ЩСД ТУТ9М7В
31906.opus,ФТ7З0И Ж
31907.opus,4Е2 ВМЩШЕ
31908.opus,ЫАВ32Н4Э
31909.opus,М ЛНКЫЫУ8
31910.opus,ИЙ ОО45В8И
31911.opus,ЦЧКК65Ю#
31912.opus,7 ГАЛЛФГ2
31913.opus,ТЫЯЦЗ9 Д5
31914.opus,4ЫЦ 8В ЗЬ
31915.opus,ЪЮЫ5ФГ5ЭЖС С
31916.opus,2Н#5ЕГБХ2Т
31917.opus,ЭЖЮБКМЭМ
31918.opus,ОЦЗ8Ж2ЕСПФ
31919.opus,ШГГКЮЪ#
31920.opus,СЙННАЭ#ЙШЖ
31921.opus,ЦБЧФП0ЮО
31922.opus,8СГФН ЩКДЮГ
31923.opus,БХЭЙОЭЗЬО
31924.opus,А206КЧГ
31925.opus,0Д 8ИЕИЖЧБУ
31926.opus,#ЪЯЪЭСШ
31927.opus,ДШДМЫАЩ
31928.opus,7Т8ТЖДЫЙ7
31929.opus,У4ЬЦЯ9ПМ
31930.opus,РО5Й9ЭСХКВ
31931.opus,Й5ХЪАПТЧ
31932.opus,ЗХ367ЖЭАП
31933.opus,У20Б#10
31934.opus,НП9#3КЕГФЬ
31935.opus,228ЬЦ4К6
31936.opus,А2ЧАГ#ГЬЯГ
31937.opus,Н 0Т ЯЫМЙ
31938.opus,7В4 88Ш4
31939.opus,НФЪХ9 ЩСЯ
31940.opus,ПЬЗЖ17ЖЧЭ
31941.opus,#7Л5ДР ЫП
31942.opus,ЦЩ Л5РКАЕ#8
31943.opus,ЕЕЪАЩ РОЪВ
31944.opus,Ш6ЫЭОД8К
31945.opus,#1БДЫТАГ
31946.opus,ЫЙИ4РЩЬЖШ
31947.opus,8Ж#0 Й4
31948.opus,ХШЩ 52НУВ
31949.opus,ЙД76ЧЕС# Э
31950.opus,ПС7ХГЪ2П
31951.opus,УДТИМНЭЗ24И
31952.opus,РМЗЯУФ9
31953.opus,ЦЯМЛ ГГШУ
31954.opus,5 ЭШЯУР
31955.opus,ЯПЬК9Ж#ЦЕЛ
31956.opus,Е П5ЗП7ЪИЛ
31957.opus,ККРОЯРЙ Ю
31958.opus,Н4ЙБГЫ9
31959.opus,ЦУДГ3ЖЕГЫИ
31960.opus,ЬДЖ 67 2И
31961.opus,АЭ7ОЯ6П
31962.opus,Д Ц 7КЯ6Э2О
31963.opus,У1ИЬ2ЧГХНШ
31964.opus,Щ5ЯЗЧЧДЭБ
31965.opus,МБЙКФГ7К
31966.opus,С2ЬСЭВЪДЯ
31967.opus,Л1В6Н71
31968.opus,ЭХ1АЙР9Б6
31969.opus,УКЗЙЩ ДУДЙЗ
31970.opus,6810ЛПУ
31971.opus,9ЛЖФОЦ4Д7
31972.opus,Л8#ЬБТМА8
31973.opus,ЙКЖ3Ф1Ю
31974.opus,ТБ9Ы4Я3РЩ
31975.opus,ХОЬО9КТ6Ъ
31976.opus,#34ХЧУ
31977.opus,4ОЪ9ЬЭ
31978.opus,ЖНБЖВЙ И2 5
31979.opus,СДА6ПШЕ3ВДЩ
31980.opus,ЗСОЗАЩ0З5
31981.opus,БОЫАД#ЯУР9
31982.opus,НС9 О ЕЕ1И
31983.opus,4Э0ЖПОП К
31984.opus,4ББФОЗЛ4
31985.opus,Ф0Т1Ч1З7
31986.opus,Й7ПВЫФ ОА
31987.opus,ЮЪБМХБС
31988.opus,ХИМКТРЧ ДХО
31989.opus,Й9Ю0ЕЗПЙ4
31990.opus,АФ3К#СВЮЯ
31991.opus,94ВЖ8КЫХ
31992.opus,ЦЪТ Ш#ЦГ
31993.opus,УЭВЧЦЭ УОД4
31994.opus,ЛХ7#ЪЗ
31995.opus,3ЫИ1А0Й
31996.opus,ЭЯЯ8Ф
31997.opus,ЛЪ8ДШУХ
31998.opus,ФД С2ГЫЫ4
31999.opus,Ъ3Л1ЗР5Т
32000.opus,7СРШТ НП4
32001.opus,ЗП6ЬК0П#Ц
32002.opus,2ЭНЫП Ю#
32003.opus,ЧЧУ 3 Й6Ж0
32004.opus,ЧЭ2ТБС0ОЗ5
32005.opus,Ф2З6Ч Ы
32006.opus,ФЦРЛУШДЩ
32007.opus,КЮТЛЧЭЖ
32008.opus,#ВФ4ЖЪЙ1Н
32009.opus,ЪЩБЧЧШ
32010.opus,1ЗЛПД5Х2ВЪ
32011.opus,ИЪТВ3Х ЦШЦ
32012.opus,47КЭЩВЧ1А
32013.opus,М00Г
32014.opus,Ъ5Г3Г4# ФО
32015.opus,Ы Й7ПЭ5Ч
32016.opus,2ФЦ14Д
32017.opus,2ЕУГПЯЭЗС Ш
32018.opus,0Ъ1ЕАЫ5ЙЙ
32019.opus,Р6ПЫЭЕУЦ
32020.opus,Ъ АА ЦС#02
32021.opus,ЖЖД85Ч2ЦЖ
32022.opus,ОЖОБЛ4К
32023.opus,Ю3Н0ОИФУ
32024.opus,ВЯР40П3Э
32025.opus,КЧШЦ5О3 9
32026.opus,4ЕХШЮЕХГ
32027.opus,Ь ИРПЛЛ#
32028.opus,5ЙЮ8АХ7Ш
32029.opus,Я66ЮТ9СК6
32030.opus,ОТНЮАЯГУРЗД
32031.opus,1ПДОБЩГГ
32032.opus,Ы3НТСВ52НЭ1
32033.opus,0Я#0С4
32034.opus,ЯЦПХ0ХХ7
32035.opus,ДЭХЗ60РЯУ
32036.opus,РСЪ 8ОТЛ
32037.opus,И6ЗР2Е3ЮКЭФ
32038.opus,МЛА2Е9ЯГДЬО
32039.opus,БГГДНФМ
32040.opus,Щ08ЯШЯИСН
32041.opus,ШВЯ#2К
32042.opus,ДНЗМЛН7
32043.opus,ТЛЩГ6РЖЙЮН
32044.opus,НУ ЧЕ РГЬ3Ж
32045.opus,3ЙШЫЬ9Й
32046.opus,К99#П9#К
32047.opus,ВПДДИ8ГЧБ
32048.opus,Ш 7УЩСПЦ4
32049.opus,Д1ДНФЖГ ЧПВ
32050.opus,ЬАЪЮГМ8ДО
32051.opus,Т#0ЯЫЛ#4
32052.opus,886ЮПШ5
32053.opus,АЧОЪЗЖЛРБЮУ
32054.opus,7Щ Ъ2ЦЮГ
32055.opus,4ЛЖ3#У
32056.opus,ИЦД1Ц0ЭВ
32057.opus,РКВ#0ЦИЗШ
32058.opus,УЫЩК1НЖ
32059.opus,894ККАБЕ
32060.opus,ОЫН3ЧЦВВ
32061.opus,5Т82З2ИГ
32062.opus,Т6ЯУ#ГЧ
32063.opus,Л8ЬА9 Ч
32064.opus,Ы0ЩЛРЖЕ0АН
32065.opus,Л9ОЯЕ8О
32066.opus,ММЭГИ6УМП
32067.opus,ЙП Е5Ц#3Щ
32068.opus,АЗИПЧ355Л
32069.opus,4Р8ДЕ74В3 Д
32070.opus,Д#4ЭЪФСИЯ
32071.opus,Ч 80АРА
32072.opus,Я4Ш4Ъ#8
32073.opus,ЩХК4ЙРФБ
32074.opus,В0ВЙ#КТЭ2
32075.opus,О6К9И4Ч
32076.opus,4ЦНОЮЭЩВ2Н
32077.opus,ГЗБПЧ9ДИ5Л
32078.opus,54ЖСВЮТЮО
32079.opus,ЗПКЖЪУОЕ
32080.opus,Л#ЧЮЩРХЛ
32081.opus,5ЪРЙСЦО
32082.opus,ВН61М9ЮЕИ
32083.opus,ГЖЮЧССЮ У8А
32084.opus,45ЭЧБРЯ
32085.opus,3ОР1БОЭИ
32086.opus,ЧЪ ЛК ЖЙЯ
32087.opus,2ЭЦ0У ТЯ
32088.opus,УЬХШЪМЗ
32089.opus,РЕ БЪЬГ0
32090.opus,ПП#З4ДФО
32091.opus,Л8АТЩСУБ
32092.opus,Ш1М6МГП
32093.opus,#АЯ РМЙЙ
32094.opus,Щ6ПБЦЖ ЛН
32095.opus,РХ#8ЬЬДЫ
32096.opus,ЮЫЖ50В6
32097.opus,2#ГСЫРФ
32098.opus,СЖЗ2ЙГ87Е
32099.opus,Ь3Ь К ЫГ6Х
32100.opus,ЖС3ОРР4В
32101.opus,АТАВР 2 Э5ЖЦК
32102.opus,ОЫТЯМ#0
32103.opus,87ГЫБСПЬН0
32104.opus,6ШРФД9РР6
32105.opus,ЩТИЫ5Й2ЪИ
32106.opus,4ГЯ0ЙВ
32107.opus,В5Н0РЯ4
32108.opus,4УЖ6БАЧЩЪ
32109.opus,ЫЧЗЙИ Щ5А1Щ
32110.opus,П5БПЫ7ИИ 1С
32111.opus,Д7ЕЗБМ Щ6
32112.opus,ФТП1О5Ц4Ф0
32113.opus,М7ФЭТЫДИА2Н
32114.opus,5 МЩАКХУ7ЖЕЕ
32115.opus,ЕЩПИ9ИЧЛК
32116.opus,АУ6ЬЗ10#
32117.opus,8 О Й12Ж
32118.opus,##5ЗПГЕ
32119.opus,1Ь П8ФЕЧ
32120.opus,ЫЭЭЪЪЫЫФ
32121.opus,Т41ЮЫДГШ
32122.opus,ТДФ1ДЖР9Ч
32123.opus,ЭХ8ЖЙИЛ0
32124.opus,С 6РЭ4691ЖЕ
32125.opus,З1 ОЙ8Ш
32126.opus,ЭЙИЧ ВЭВБЬ7Е
32127.opus,ФУЪЙЖ0У#ДС
32128.opus,3ЪЬТ66ХИ1Ф
32129.opus,НН#ЮГЖ16ДЫ
32130.opus,269У9ПГЛ
32131.opus,З ЕЮВЯСХ8АГ
32132.opus,9ПБШЙВАУРЬ
32133.opus,У6ИКТЭН Ц Я
32134.opus,М3АБЖЯ7 БО
32135.opus,Г4ГВ4ЗНЮ
32136.opus,8Б6ДП Е ЪОЧ
32137.opus,ЮР ЙП85ЛЙ
32138.opus,6 ХЫКОЭ
32139.opus,В5ФР25ЩФР
32140.opus,И3ВДЭЫЬ0Б
32141.opus,0АЯОЧО#2И
32142.opus,4ТЕЯ8НЛЧ8
32143.opus,Ы2М8ПКА8М
32144.opus,С9И1АЪЗМ
32145.opus,Э8ШВ64 ДЬ
32146.opus,ВЗПЧ6Й ХПЦ
32147.opus,9ШМ ЧК ВМ
32148.opus,Ч8#ЯН7УБГ
32149.opus,306ЯЯЕБ1
32150.opus,#НЯЖЫТЯТ
32151.opus,6ЗГЖЖЭ1
32152.opus,ЙЪЖХЖ0ДЕ
32153.opus,1ТЬЪЙЪВ
32154.opus,8Ф#С7ЛК
32155.opus,АУ2ЭЭКЛ0ЪМ1
32156.opus,8КЮЛЭО
32157.opus,ЛЕЖЭБЯВ 2
32158.opus,ИША7Ж85Ь
32159.opus,1ЬФ00 8 Л
32160.opus,72 8К Ц
32161.opus,ЬВДН99ЯЖАА
32162.opus,# ИЗЭ8 АМК И
32163.opus,ТНЙБЯЗЦЪ
32164.opus,55ЖЙМ 0ЬАЕ
32165.opus,ЕСБРЙАЗЖ
32166.opus,Я6АТЬЫ НУЯ7Е
32167.opus,#Я7577
32168.opus,Ш5ЧЩ0ПК
32169.opus,КАЗ0ГВБХИ
32170.opus,4ЙЛЫЫМР
32171.opus,БД17Т ТЬЙ
32172.opus,З4#ОИДСЦ7Ы
32173.opus,#ЖЫ4АЙЯОХ
32174.opus,ВЛИ7Ш25И ИУ
32175.opus,4ТЯ7Б30ЕЗД
32176.opus,3ЧЮ688
32177.opus,ЙУЫР8ФПТ ЛР
32178.opus,АЬЧКН3ФЛ
32179.opus,9ЖШЗБК
32180.opus,ЦЕ5МЮ4ИК4ЙЮ
32181.opus,ЪЕ7ЯДХЫ2Б
32182.opus,ЩЬЫ ЩРЮЦ
32183.opus,УЕ1СБФСФИЮФ
32184.opus,ГГ7Я 2О2КЯ
32185.opus,МЕПЧЫ22
32186.opus,8ЪМ3ИЗ#
32187.opus,6ИУ ЭС6М4
32188.opus,ЖВЮМ0ВДГУЕЖА
32189.opus,ЗЛИ8С53ЩРЮО
32190.opus,#0ИКБ0НИ7
32191.opus,Э8Ф0ХЗ6Е2
32192.opus,КУЛЬЬФУМЙНЙ
32193.opus,Р Щ1ТИ3Г
32194.opus,ИЧТН9ЧЗ
32195.opus,Щ8ЪНЦЫИ
32196.opus,ЩРЪВ1ЛШ
32197.opus,Я4Ф4НЖ8 М
32198.opus,94 МПЦГУГ
32199.opus,0ЧВ#4Д4Ч
32200.opus,Н2Э8Ы44
32201.opus,ДАГЭ20ТАЙ
32202.opus,ХВЬЪЪРБ БК
32203.opus,Э7ЭЙОДМВНР
32204.opus,Ч858ТЙЩЬХ
32205.opus,3И1 И6Ы7Н4
32206.opus,И2Й ЖА6БЗ
32207.opus,ЗС80ХЮН
32208.opus,5П4ЯП 5М
32209.opus, ЧЮЭЙ2
32210.opus,ММТТЦБЧНГУ
32211.opus,УЕСВ 0М0РЦ
32212.opus,4ЙМЦЖДЦЦ
32213.opus,РЯ И1ВЩУ
32214.opus,Ф4ИХР4Щ#О
32215.opus,А ЧРКЪВШСЕ9
32216.opus,ЯЦЯ2РЙЮЬ9
32217.opus,К09СВЙ
32218.opus,4Я 6Ъ8
32219.opus,ПЮЯЗ2ОИТЖ
32220.opus,ЗЧ ЯАЙИПО6
32221.opus,ЧЩФ#Л 9РСУС
32222.opus,01 ПЩ М
32223.opus,6#Х8ООФЬ
32224.opus,О4ТХЬИ1С
32225.opus,З К5ХПХО
32226.opus,П А5ЪОГС#
32227.opus,МД3Ы ДЭННИХ
32228.opus,ГЕЦ0ЪФД5
32229.opus,У1С Ф4ЯЧЧ
32230.opus,ЕЕ6А5ЦМЭ ОИ
32231.opus,ЖТ0ШИЬ26З
32232.opus,Т#3Ч8 Ш
32233.opus,Ц3ЪЕ4ГШ ИМ
32234.opus,ОЧ8Г5Б2ИШ
32235.opus,#9ЮЯ#СУТ
32236.opus,Н4ЦГИВЮОКР
32237.opus,2ЛЖ9БДВХТ
32238.opus,Ы5ЫКБДЯ6
32239.opus,ДЩО9РКЛЮШ
32240.opus,ГМ333ЛВ
32241.opus,Н4Ч И7ГР#ХБ
32242.opus,Т9ПЦЗНЯ
32243.opus,С9ЮЙ5О4З9
32244.opus,ХАЩЧ3МЬЛЮ8
32245.opus,ЕЮД 8Э7Л
32246.opus,ФСЛ#ЧЕР2БЬД
32247.opus,Я#Ч ЪЧ Л
32248.opus,МБЭПЮО
32249.opus,Ш ОО9ШЖ
32250.opus,#Ь7ГДЩША
32251.opus,ЧТРЖЭЭН0
32252.opus,Й ФЭ4Й0
32253.opus,ВЧБУЗИЯ Е
32254.opus,46Ж3БДЭЗ
32255.opus,АХНП0ДЖИ
32256.opus,БЗ#А4НЛ ЬУ
32257.opus,ХЕЫЫШ4АВП
32258.opus,#4ЧГДЭТААБ
32259.opus,7 5Ж4АЯО8
32260.opus,7ЬУЯ5Ы7
32261.opus,АЦС7#ТЮЩН
32262.opus,И 7ЛВ 0СШЩ
32263.opus,РЭР17Х2Ч9
32264.opus,Ь3Е1Щ6РИВ6
32265.opus,ЧЦ ТП АБ ЬИЗГ
32266.opus,ЪНЮВЗ БЗ
32267.opus,ЛЧРЬ1ЦЖЯ
32268.opus,Э КБПИ9ЬВЯС
32269.opus,ИЯЪ 5ВАЭЙ
32270.opus,ИА Ж65Т3 #
32271.opus,ЕЯ14Е6ЮЯЙ
32272.opus,В Ш1 ЛК7И
32273.opus,490ЫЫ38Н6
32274.opus,9А7Ь3ЙР#
32275.opus,0Х2ЯТЦ9 ЧО
32276.opus,12Т9ФЬУ
32277.opus,Ь02ЭЫР
32278.opus,Ж5Б4ДЗНЙЯ
32279.opus,ФМ 1О5Р
32280.opus,П4И9РЖ7НЕИ
32281.opus,ОФ# ГПИ4НЖ
32282.opus,8Р3Я9#0
32283.opus,Б# ЧЭЮ97
32284.opus,ХР8ОЕ5М1Д1
32285.opus,05 ОПКН
32286.opus,3 Х39Е#Я
32287.opus,ЛОЬ6Ж51ЪГ
32288.opus,УЮ5РКЭЖР
32289.opus,3ЪЗ0 Ж
32290.opus,ОЩ#ЧАЯТ
32291.opus,Ы#АЩК8ВЕЫ
32292.opus,9ЕЕДЕПАЖ#С
32293.opus,48ЗСРКБХ#
32294.opus,ЫЖ 2ЭД6 ХЬ
32295.opus,5ЖЛ20ЪЛЛ
32296.opus,ДЩРЩЯ7Ж ЯК
32297.opus,9ДАУЕИИСШЛБИ
32298.opus,6П #МЧЬ
32299.opus,9ВМ3ЭЛС4
32300.opus,ГШИКДРЬЖЮЭ
32301.opus,3ФХЯЧ6ЦЦЕ
32302.opus,3А 5ШЬВДЪ
32303.opus,ПИ0АЧ БЭКВ
32304.opus,91ГПП2Н0НУ
32305.opus,Ю8ЧЮФНС2
32306.opus,ЦЪЬ7ЧЧГ
32307.opus,071ЭЖЛН#
32308.opus,5Н1Й3М4С
32309.opus,2Ч7ЙЛЦСЖХ
32310.opus,Ш9ЮУВШАС
32311.opus,0Й5П3НХ4
32312.opus,3БЩЫЫЫРРВП
32313.opus,ЖЫГРСШ7
32314.opus,ФШМ26Ф7
32315.opus,ЭШ1#5УО
32316.opus,ПБ8ВСЭ0ЩО
32317.opus,5ЪЫ3МК32О
32318.opus,Ф08 ДЩИШ
32319.opus,6ФЫМЬЗШ
32320.opus,ЦЗ9О06#
32321.opus,Й4АЦ6ЩЯ
32322.opus,3Н3Р ВЫГ8И#
32323.opus,98ЗЧ4ЫС3
32324.opus,ВЯ0ЛУВФ4
32325.opus,717Б МИП 2
32326.opus,ХЧЩ 8ЧФШ5
32327.opus,Т06Ф7ГМЧФБ
32328.opus,СМЩААТХЭА5Н
32329.opus,ЮЗШСТО#Ж
32330.opus,Г С7ЦПИДЭ1
32331.opus,#З ВЖ6Ъ
32332.opus,#ЪЪА5ЯИЙ
32333.opus,9ЧЭЩПЙ
32334.opus,АВЙМЪ6Ш
32335.opus,ЩОКНЪНМП
32336.opus,КФ 88ЫШЗО
32337.opus,#ПЗОНКИБ7СР
32338.opus,АДЮЬ Н9УЕЫ
32339.opus,ЦЬН8БИЮЛП
32340.opus,ЬШЛОЧ8П
32341.opus,Р6ЗЧ9ЧБ5Л
32342.opus,ЫМШБВ#Э
32343.opus,РР92 0
32344.opus,ЫКНС1551
32345.opus,МЛУОТЖЛ4МДП
32346.opus,#ТИ7БН9А
32347.opus,9 ПЛИЙТМЭ
32348.opus,УИ5Ю#ТТ83Я
32349.opus,Щ960УГХГ
32350.opus,ФЬП1ЦА9
32351.opus,Я5МЯ3ЧЭН
32352.opus,ИКК66ПШ
32353.opus,АСПОБЦЛДЫР
32354.opus,С3З1Д Щ Ь
32355.opus,Й3ОФПУЗЩ
32356.opus,ЖЭА ДФЕНЫЧШ
32357.opus,М866МРБЧ5
32358.opus,Ы5О РОЯ1
32359.opus,Б ДЛШСИ
32360.opus,ЙЯФСИЙ#Ю
32361.opus,5И0 ЭЩ Э5ЬЛ
32362.opus,РЬРЭИ 1ФЖЛ
32363.opus,МЬТБ5ЙЯ3ТЫ Л
32364.opus,95ДЕКЯЙ2ПЭИ
32365.opus,ППФДОУЗЮ
32366.opus,51ДОЖБОЩ
32367.opus,ГЭ#8ГВЯЩДП
32368.opus,ТЙИЫЛФБ2ШНТ
32369.opus,Д4ЬСЖЦЩГЮ
32370.opus,8Ц6ЮЦЧ НФЩ
32371.opus,ЬРСХКЫИЕ1УЙ
32372.opus,Ч2УШЕТКС0ЙЦ
32373.opus,ТБВ31И ЫЬФ
32374.opus,5542#5ЪЮЗ
32375.opus,РПНК35ЖЫНО
32376.opus,ЦГМФ89О
32377.opus,Ж ХЭТ2О6К
32378.opus,Щ#НДТМ6Ж#
32379.opus,Й6 ЮД#ОСО
32380.opus,Б ЛЩОЧЩЛ
32381.opus,Б4ЦЫ1ВЯЯГ
32382.opus,С ГЙ #5 Х Ш
32383.opus,А0ЭУОЖЖ8
32384.opus,9ДС78О7НРОД
32385.opus,ИЛНРГЫП5К
32386.opus,ЖЗЧР1#Ю
32387.opus,ЗТЖЙ 64У1
32388.opus,ЬЯ1М6ЖЬ
32389.opus,НШ1ЕПЭТ2
32390.opus,ФСЭАРУАДЭ
32391.opus,8Г4ЕПМШГ2
32392.opus,П7Е 52 ГПОК
32393.opus,#ХЬ0ЙЖОГС
32394.opus,ВЕЮГВЯ5Х3ЗЕЦ
32395.opus,ГЬТ1Ю0ГШ
32396.opus,Э ЪПДЛ8 9
32397.opus,Е КЙФ055 54
32398.opus,5ИЙ#ВЭФ00К
32399.opus,В8СЪ9З8
32400.opus,9 ЬЫ7 БЗ
32401.opus,У7КЮШАЙЕЧГЭ
32402.opus,#Ц6З7КЖ5З
32403.opus,С7 1Ю4М2ЕЧ
32404.opus,ЪКВБН0
32405.opus,ПЫМУКПРЗЕРПДБ
32406.opus,2ЮЫЮБЫЯ
32407.opus,ЩБНШ8ФЩН
32408.opus,К7 6#8ЪЛБ
32409.opus,ЕЦР137Й0Й
32410.opus,ЧШ3ЙРЦРУ
32411.opus,22П0#СКЭ
32412.opus,1Д Щ ГЯ3
32413.opus,ЯШЭ ВН64ЦАЖН
32414.opus,5ФСЮФЕМЩ4
32415.opus,ЖИПЦ1ВЬА5А
32416.opus,ВБ1ГЗЫХК В
32417.opus,ВГ АМ1Ц1А8
32418.opus,ЫЛШВЮ КТ
32419.opus,7ТОУБЬ4КХ
32420.opus,НГКГ АНМДЕ
32421.opus,ЬЫ ЙЫ1О
32422.opus,ЖПФ ХЯ55
32423.opus,ЯЩФ4МОЖБЖЕИЗЬ
32424.opus,ЖКЧ0ЩЖЕК
32425.opus,АЗ ФФРНЕЬ
32426.opus,АЗСЖР7Ь28З5
32427.opus,Ъ Л4ХЕКТ7Л
32428.opus,ЛО5УС 6К6ХО
32429.opus,ЗЯРУЦЛ05
32430.opus,5#7Я8ЮЧСА
32431.opus,Ч2ЕЭС6КСЦА
32432.opus,У4СК9 ЙКГ
32433.opus,4Р3МЫЕКВЗЙ
32434.opus,БОАЬ У ХР #
32435.opus,09ЪР8
32436.opus,0ЙП0ЗЭ
32437.opus,ЮТПЬЭЦШУЗЕ
32438.opus,137ЦГТЭЭН
32439.opus,ЦШ8ЦХ3КЕХ
32440.opus,ЕЛ 7ЯО5ПВ
32441.opus,ФЛМУ Х5ВУЗ
32442.opus,КОИ##И ЖЕЗ
32443.opus,ОА Ы3Й63
32444.opus,Ф756ШФ1
32445.opus,КЗФНЖЪЮ#К
32446.opus,ЮЙГЖСЬЮ
32447.opus,ЩЪРБПМ3
32448.opus,#РУ4ФЭЙЬ#
32449.opus,К7ЗЗЧЪК
32450.opus,ЩСЮЦЪ2#9Ь
32451.opus,74Щ8 П#Ф
32452.opus,48ЭЙ8Ы
32453.opus,ЙЪП79З БЪ
32454.opus,ЧКТЯ0 ЖЯ
32455.opus,ПГТЭ3НЛГЦЫ84
32456.opus,91ЩБ4ИЬ Р
32457.opus,ЪЮТТЯЗМФ
32458.opus,ЙЙЗУГЗРИ Ф#П
32459.opus,Ш#Х ЙЪ8
32460.opus,4ХГБШ 3У
32461.opus,#НЫ04А8
32462.opus,3ХАКПЭ5В
32463.opus,Ж#У ЬЭМНЙЯ
32464.opus,ЗФХКЬЦЙГ9
32465.opus,ЛЮЩ710
32466.opus,ХЫД1ШЮУ
32467.opus,ЙЩЛФСОЫ2Ш
32468.opus,ВГ4С468ШЧ
32469.opus,3ЧГСВ1РЙ 8
32470.opus,ЖКМ2О7Э
32471.opus,Х3ЬАУГИ7 К
32472.opus,ВГДБЭБЩ2УИ
32473.opus,# 7ФНШ5
32474.opus,Ш Щ5ДЬНЭЮД
32475.opus,Щ4Т ЮЦЕЩ5О
32476.opus,ЮЗМКЦОЖ
32477.opus,1Ф1ПБГК
32478.opus,4 ШЭ З0ЬШ
32479.opus,ЫЕ6О0ВЗЬИД
32480.opus,Э6ЩЭ6ЪЛ3
32481.opus,Ч ИУУ Л 2О
32482.opus,ЯИКДВ08Ф Л
32483.opus,8Х2ЬЕИИЧГ
32484.opus,Э93ААН2Ч
32485.opus,2ТЭРГН 9
32486.opus,ЯЪ ЦЪЭ7
32487.opus,ЙЭ6ЫЯЪТ9А
32488.opus,Б СУЪЗФЕКД
32489.opus,Х0Л1ШТ6П
32490.opus,Х4ЭЙИ0ИНЩЙ
32491.opus,9ВХЬГЭШЗВ4
32492.opus,АНЦЦЬАИТХЕЛЪ
32493.opus,ЗЭАШ3 Ц
32494.opus,ПТНБЩЭР 6БТФ
32495.opus,Х7ЧСФБ2
32496.opus,Э6ОРДЬКЧЭ
32497.opus,Е7МИ0ЮК
32498.opus,1Ь ПЗ8У#
32499.opus,Ш1Ю0КО
32500.opus,9ХПРУЪМЕБ
32501.opus,01ЪСЕ5
32502.opus,НБЛЩСЖШ2ОМ
32503.opus,АЫЖЮ #ЭЫ
32504.opus,ХЙЛЧ8Я ДЩ
32505.opus,ЗЗ6ЬЭЗФ
32506.opus,ЬОЦ ЦШВВ
32507.opus,ШЙБЛХЮ2 КДУЛ
32508.opus,АЛО5 ЕМЯЭ
32509.opus,ПЗ ПЬ##
32510.opus,НН2С0 АЕЩНДУ
32511.opus,Е9 А7Б908О
32512.opus,РМР7Х Б2
32513.opus,ЫИАД#ЯЬЬН
32514.opus,Ж КЖМВ6Ц62
32515.opus,УЭ2Е6ЖЩ Т
32516.opus,Щ7Ж6БГХЕКЧ
32517.opus,УВМ ФГЧШЧ
32518.opus,#74 Б ЛКЫ2
32519.opus,З2ЧБИ#Ц0
32520.opus,9БЫ 4ЕГВГБ
32521.opus,ШЕУ 2Е3И#ША
32522.opus,7 ВЖ#БДЪ
32523.opus,23ЕМЩМЪ
32524.opus,4ЙРЯ2У2АЪ
32525.opus,ГЕДКЬХА4ДХ
32526.opus,Ю6ЬЖЪЦСЬ
32527.opus,0ШИ НВЖХ
32528.opus,ЖЦПОЕЖЙГР3Б
32529.opus,ТС6ОШЖЪЦС
32530.opus,Д5 #2ТГ03
32531.opus,#П510ПЧФ
32532.opus,СЪВ5#ТЪАХ
32533.opus,Й#УЛЪ5МХВ
32534.opus,05 НЩ844
32535.opus,ЯТШЖБС34
32536.opus,ЖЮЬ2МЛГЦ#
32537.opus,46Е6ГГ9З
32538.opus,КП58КНЦ4У 0
32539.opus,ОРВ7БЩДР
32540.opus,ЫНОЬИ6ЛТЯНК
32541.opus,ТЫ ЯН7ЫГД
32542.opus,ПЦЯХ6ВПРРЮ
32543.opus,Е 1ОБГ4Г9Х
32544.opus,ЯХИЧЮЛИ
32545.opus,БЩ1ЧЕТУЭ
32546.opus,СХЗЕЦГЛМ
32547.opus,ЬХШЩ399Ю
32548.opus,#ФЫНФХФМ
32549.opus,ПЫМЗ0Ж
32550.opus,5ДПЯЭ1ЬЙН
32551.opus,017ЦН
32552.opus,БИА05Ч3Н
32553.opus,ГОП # Ф
32554.opus,9#1Д6ЖП
32555.opus,Ж9С1РГ
32556.opus,З48П9А7
32557.opus,8ЧЧЖЫ#Г
32558.opus,АПФВ7Я52#
32559.opus,ЭЙЧЪДЕКЙИ
32560.opus,ВЩУСЙЩ8НБН
32561.opus,13ЩАВЛЗ
32562.opus,Ч9ЮЗММ2
32563.opus,Ь28ЦББЛГК
32564.opus,ШЗЫ04Е0
32565.opus,ШНВ Й ЬРРФА4
32566.opus,ММЗЛЖАФХБО3
32567.opus,572ОХТШЩ 5
32568.opus,ЮХЪЗГЮАШ
32569.opus,3С8ВЫШЧБТ
32570.opus,##З7ДЧНЮ
32571.opus,Ы ЦИ#6ШХ
32572.opus,МЙЧЮЭ83ОНН0
32573.opus,34ЦПРТЮ5
32574.opus,3ФЦЬНАТЯ
32575.opus,5Р5ЧО#Д
32576.opus,ТНТА8З2ХБ
32577.opus,ХС59ЭЮОЕЯ7Е
32578.opus,4#2ОЖЕСЯ ЕДК
32579.opus,8ЩЪУЖХХ
32580.opus,ЩЕ4ЦПГГЯЯ6
32581.opus,ДЦ06ШЪ
32582.opus,Х8ЛФ8ОБК
32583.opus,Р ХИ ИСЪ5П5
32584.opus,Ь634772ШК
32585.opus,ФНГ8ЬЙЯ
32586.opus,ТЯ9Т ВСФСГ
32587.opus,#383МАДЦД
32588.opus,ЦНЙЯЛ#0
32589.opus,АБУЯГОЬЮ
32590.opus,Щ1ДЬС3Р3У
32591.opus,52ЫБ0ЧОЭ
32592.opus,ЗДЮ3 Ы3ЖГ
32593.opus,ЩАОЪРЖХН С
32594.opus,3 66ЩЕ16Ж7
32595.opus,АЧВАТХ5И
32596.opus,Ш#7Ф9ЫЬЕ5
32597.opus,РЙРПЩТЮ
32598.opus,Э#ВГТЖ4С4Г
32599.opus,7БЩ49ПЭ
32600.opus,М ДИ7ИМРГГ
32601.opus,ЭЮ3ЗЕОЯЭ
32602.opus,8ЖЛ ЩР2Щ ЭС
32603.opus,1ВО8ПЫБТ
32604.opus,91ЙЩНЪЗ Й3
32605.opus,ЮЭЙ 0НЦ ЪА
32606.opus,Ю РББНСИШ
32607.opus,ТЦР6ЬЯЯ8
32608.opus,ЧС#ХВВЫ5
32609.opus,РЯВЩ14
32610.opus,ОГ0УОЯУ
32611.opus,7З9ОЪГЧ
32612.opus,ЖЗ 976ТИЪМ
32613.opus,ЯМС7Ш ГБВ
32614.opus,ВРСКЗ23Й
32615.opus,ЙЬ1 ВПКД
32616.opus,ШПЯЖЛЬ7Р
32617.opus,7ШИАЕА
32618.opus,ЖМЧИЙЧТГ1
32619.opus,БЛЖ4ЯХПЯ
32620.opus,Г9ЪЭЩЯГ
32621.opus,НШ455ЛААБЦ
32622.opus,МЬИКЫ ЙА9ХЛЧ
32623.opus,8Ф6БФЖ6 #
32624.opus,#ВЮВС ЪК6
32625.opus,Э9В985О
32626.opus,Э ЬЮ4ИГУИ9
32627.opus,ЕЬЛ1ЮАЦ СДБ
32628.opus,Д ЛФ30СВЧ#
32629.opus,2З 2ЫБ
32630.opus,НЬ3ВТАЯТ4
32631.opus,Ю062ВХП М
32632.opus,Э5Ц46Ь3ЖЬА
32633.opus,9АЗЫП#0
32634.opus,ЗМБФ С7
32635.opus,1Л4ПБ Ь  М
32636.opus,ФПЪС ЕЦ6
32637.opus,ШФПФ 5МЮТ
32638.opus,ВЗГА17 ВЧ
32639.opus,Ю5ОМ ЦКЗЩ
32640.opus, 9ЪШЛ
32641.opus,М 2Ю2Ь6ЛЛ8И
32642.opus,УСЧС 498Ш
32643.opus,И9РИ Й41
32644.opus,ЬЬПТ ЫП
32645.opus,ЯЭ ЖХК4
32646.opus,МЙЪ5 1ДС8Я0
32647.opus,ЙШЭЬ9 ХФ
32648.opus,ФФДУЭ Э4ЮЕ2ЧМ
32649.opus,УЭ1Ъ КДЗ
32650.opus,Д48#ОЛШЙ
32651.opus,СД Х8НД13Г
32652.opus,25ФЯ5 9Ц0
32653.opus,ЭЪ 3Ш1Ч
32654.opus,КРЗВЛДЦ4В
32655.opus,ЙЕ027Н1ЙЕ4
32656.opus,ЗЩИДА8ЗФЭ
32657.opus,ЖЮУЮИЕН МЯ
32658.opus,С9КХХФЪ#
32659.opus,ОУАК1ГЙМИ
32660.opus,Я0ННЖТЯГШ
32661.opus,ПЗЧМЦ5 ЦВ
32662.opus,БДГО#Д Ж8МП
32663.opus,ЧИМНГЯЪР
32664.opus,ЩЦЯНЯ 0
32665.opus,ХО9ЩЖЖЭ4Ж3
32666.opus,Э9Е4Ы8МЛЖ
32667.opus,ЬАЩЧЕЖЖТЮ
32668.opus,Н4ЛМНДЖРЦ3
32669.opus,ЫМ5Х3ДЬР7
32670.opus,ЖЗТ5ШЯТЗ 3
32671.opus,05Н ЪХЖЖ
32672.opus,Х8ЭМЙХЙЕ1З
32673.opus,Ь ЗСМ0ЙБЖ
32674.opus,ХШ1ЯДНПА
32675.opus,НЙЧ#КХСБ
32676.opus,ЪЯЦ8Е6Д1Х
32677.opus,8ЦОЩАН
32678.opus,О7ВХЭКЮД
32679.opus,ЦТЗДЬЬМЖВКХ
32680.opus,ЛШЙСЛДУ4Щ
32681.opus,ЮЦ 5О364Е4
32682.opus,Х6ЩГХШИО6ЙП
32683.opus,Н ШВХ0ВСЬ
32684.opus,6ШЧУГБЩ
32685.opus,Ш4УЬ9#Р
32686.opus,Ы3ЧСШФЦМ
32687.opus,6Т0ИЛБЪ 2
32688.opus,ТДЬЩ211Э
32689.opus,ВГ3 0К5Г
32690.opus,0 1 В5ЙП
32691.opus,Ъ04ЛСЮ1
32692.opus,НЮ 0ГХЮ 2У
32693.opus,П 1МЧРЫ3
32694.opus,Х1ЗЛЪЖЛЯ
32695.opus,ЦЗЭП13
32696.opus,1ШЕ Э ЛЗЪ
32697.opus,РФЯОЫ5Х
32698.opus,Т ШЙЫ92
32699.opus,3ЪЪ#ЪТГ7
32700.opus,ИФ5Э8ЛЭ4
32701.opus,ЮНЖС 4Н Ю
32702.opus,ВЮН7ДННЙ7ЫИ
32703.opus,78ОЯ63ХЭЕР
32704.opus,ЪФ3 ШХГ
32705.opus,ВЩЙЯ8ЬА 45
32706.opus,У5БЮЪ97ЗГ
32707.opus,ЮЗЗОНК6
32708.opus,8#ЦВЗРО
32709.opus,ЧХЮ717ЗЮШ
32710.opus,2ЫНФ6ЛЕ8 1
32711.opus,ЕСЮ1685
32712.opus,ЛЫТ7СДП ЦО
32713.opus,3СЧПЙЙСЙР
32714.opus,ЭКИ3#Ч 2ЫХ
32715.opus,С НЮ 6КШ 2
32716.opus,#Т8УОЪЭВ
32717.opus,Э4ЙЕЦДЗЯ2Г
32718.opus,ЦНР2ЯФЧ
32719.opus,ЛЙВ 42 ИЯА
32720.opus,2 ЩГФЮОКЖЫ
32721.opus,Й51ШВЙ
32722.opus,Э 6ЪЫНР 1ВЯ
32723.opus,ГЛ Ж0ЩХЗ
32724.opus,ДЗЯ00П0
32725.opus,КНН5ЭУЩЮУ
32726.opus,ЖФВ8ТЩ7
32727.opus,ВШИ ЦЪ 3Д5
32728.opus,ИЙЖШЫИЙБ
32729.opus,ЫВШУТЬТДЩЗ
32730.opus,С9СФ257Х
32731.opus,ЮЭДОВЙЧЗЖ
32732.opus,Ю3АЭШ8ЩЬЕГ
32733.opus,Ш3У82 Ш
32734.opus,ПЫЦ Н6ЪАГ
32735.opus,К0 Ф2Ц5 В2Й
32736.opus,Х1ЕЮ ДЭЪ
32737.opus,70ЙУ Ф
32738.opus,7#0МЕЖ 9БЯ
32739.opus,ЮЭШЙИХЦХЫ
32740.opus,УСУЗ4ТЬДЫ0
32741.opus,807Ь Я
32742.opus,ЫЖ9Ю ГЭБФ
32743.opus,ХЗУЫТА8ММ
32744.opus,05О Ь9П
32745.opus,ИБУЬЙ С7
32746.opus,Г ЫП5КЛВБШИ
32747.opus,НИ1 ФЮ3Й
32748.opus,ГР ВЕЧХГШД
32749.opus,У0КШЩШГ
32750.opus,0ЭГЗУ4ОДЦ
32751.opus,23ЧХШ РЭ
32752.opus,4ДУЖЬЪУ
32753.opus,ЫСЬОФ Ю5Н 6В
32754.opus,ЯФ5ЕЩ8ЕЧБ
32755.opus,4ДЧАЯЮЮХЬА
32756.opus,КГ91ФВЭЯ
32757.opus,22ЖХИЯ3Р
32758.opus,Х2 К1ЩЭ Я
32759.opus,И И5М4Ъ3ГША
32760.opus,ЛИЗ35ЫЭ
32761.opus,9ДЛ0 2Э
32762.opus,Л Э ЩЪУЪВ
32763.opus,ЬЬАВЗЯДИ Н ЕТ
32764.opus,К ЭЩ6ЪЭСЖ
32765.opus,18ЬЮ8ДБ
32766.opus,ЭШЮ6998С
32767.opus,#ОК2ЦФЮ
32768.opus,ЯРЦОКТО1Л5
32769.opus,АЭ0##ЯЗСС
32770.opus,РЙ7Ф АН7УЦ
32771.opus,ЩЕ0#ТГ1
32772.opus,Н0 ЕИ76А
32773.opus,ЭН333ЙЭ
32774.opus,Ч415ЙВИП
32775.opus,ОЧЫ2ВК ЖСВ
32776.opus,ШЕЦ2ДОВХ
32777.opus,ИД6ЕККЙ#
32778.opus,9ХЧЬ2В48
32779.opus,ЛРИ5З94ВЯ9
32780.opus,ЖК3У22 ДБ
32781.opus,Я2ИВГП74А
32782.opus,ЯФ0МЙ
32783.opus,#ИПЩ1Я2К
32784.opus,ЗГ5АОЕНШР
32785.opus,0АЙЬОК82
32786.opus,ВЮ ШРОЩХЦ
32787.opus,#ЖРЗ ЙЖ#
32788.opus,ШД8БРФ2ЗСЫ
32789.opus,РВОЗТ3Ъ6
32790.opus,ЩДХНЛ#НХ
32791.opus,37ПЙЛЩ
32792.opus,Ч 832#РЙР
32793.opus,2МЦЯ4К
32794.opus,Я7Р#ШЗЧЬ
32795.opus,ПС4ЛДСНЙ2 2
32796.opus,Ж1ХНУР Ы7
32797.opus,МЧСЖЫ ЭСН
32798.opus,2И9АЕДПРЙЭХ
32799.opus,НГЦ К4Х#3
32800.opus,Л90ОБ9 1Х
32801.opus,8Ж Ь0Е#Ю
32802.opus,ЦК#КЬТИР
32803.opus,ВХДИХЫЫДСЗ
32804.opus,ЧЬЛ5Н2Н0У1
32805.opus,6ЩИ3Щ9П
32806.opus,А4 7Я Л1ЯЯЛ
32807.opus,РИЩЩОА61У
32808.opus,3#А1И43РФР
32809.opus,5ШД45В7
32810.opus,ВБИЛВЫГЯХ
32811.opus,ЭЩЧ9Ж63
32812.opus,8ЬАМКЙ9
32813.opus,ЩБ4СЯ Щ 2
32814.opus,ГЧБЪЩЛЙЬ7
32815.opus,8ЛМЫ УН 36
32816.opus,2 5КЫИО9
32817.opus,РС4Б0Ж8Ч
32818.opus,ПЗПЗА4 7
32819.opus,С3Г#ЙЮЦИСШ
32820.opus,УО6СЮ1Ж #О
32821.opus,Ш7Щ5ЪВ8ШЩ
32822.opus,ЛЮЬСИ ФЛЗА
32823.opus,Ж Ф8ЧЮ1
32824.opus,КИРР1ЙЮ0ВТИ
32825.opus,4Ф8ЪЬТИЧА36
32826.opus,6ЮВХЮЛЖ
32827.opus,ЛЙФМ2#ЭРО5Ж
32828.opus,М ИИД#ЗО4У
32829.opus,Ъ8ЬЙЧЛ М
32830.opus,ШДЯЪХ6Г5ХЦ
32831.opus,ЕЙ5ИТЕ2 АО#
32832.opus,3ЭЖШУ2Е
32833.opus,ЯС1РЫБ1
32834.opus,БШ19БЯ0ЬЖ
32835.opus,ПЧЙ ЧХХ
32836.opus,Ы ВЩИИ8РО#
32837.opus,О0ЙЯ7
32838.opus,ПЛЭЬЮХУ4Ь
32839.opus,ЙГ058ЩМУЕЖ
32840.opus,Т29ТЦ6Т9КХБ
32841.opus,Ъ0ЗП13
32842.opus,ЩЪ4ЪТ5
32843.opus,ХГ9З6УЛН
32844.opus,ЯШКЭЦ8 О
32845.opus,ЫЭ4ЮВБСД#Ч
32846.opus,ЭЪЫЕ 2ЗВ
32847.opus,6ГМТФИИЩЙ3
32848.opus,ЩАКОТ59
32849.opus,ЭЮСХ9Б2
32850.opus,ЩЬЭ6ГЯЪ
32851.opus,П3ЭЧ Э 2У
32852.opus,НП#ХЭЩЧ
32853.opus,ЯСИОШ 9
32854.opus,ЪК9КОЯФ4
32855.opus,ЛД2МЦ0Ъ
32856.opus,РООВЪЖЦП
32857.opus,ЮЛДПК Ч
32858.opus,УЛЪ3К8З3БМ
32859.opus,Ч З 6ЕП#
32860.opus,УЪИ8К0СВ2
32861.opus,В7ШЕШ9М
32862.opus,ЧФЬ АЭЦ1
32863.opus,4ЦЯЕ7ЧШМ4П
32864.opus,7ШПЯУОИФ
32865.opus,ЪЭДРА8НР
32866.opus,С3ПНЬЩ РЩ8
32867.opus,Г#ВУ9ИРЛЗ9
32868.opus,ГИ4ФЕЯЖЗДПД
32869.opus,207ФЪ3Э
32870.opus,ЭХ4УЭ2МЙМ
32871.opus,ЗВБР22Ч3Н
32872.opus,Х6Я919
32873.opus,ШИО8ЬКЧ0Х1
32874.opus,Я3З В3Ь
32875.opus,И3К7ЯБФ6ЧСФ
32876.opus,ЙЪШЯЬЦСЕБГФ
32877.opus,ШЕГ9ЧГФ
32878.opus,Щ3Ж НЦТ9Ж
32879.opus,ЦПТ0Р НЬ6Й
32880.opus,БШН ЕХ26Я
32881.opus,ЗЭМЭЗЦААИЦУХОФ
32882.opus,РЗЯЬЫАЕР#С
32883.opus,ГЕ Л3АЗГЧРЧ
32884.opus,ФЗА5Т188
32885.opus,АВ31ИИ8
32886.opus,Й#ИТИ1СТШ
32887.opus,Н8ХУЗЩБЯЕ
32888.opus,А 1ШВЮ##У
32889.opus,3ОЙ8ГХБЦЛ
32890.opus,В9Ы386ТЭ
32891.opus,27ЖФ53МИО
32892.opus,ЭТ0ФМЩОЩК
32893.opus,2 Ч2ХФГРРЯА
32894.opus,57 6707
32895.opus,Я3ПЮНЪЖЧ
32896.opus,ЗФ 6 ЛС3
32897.opus,Н 7725ЮЮ78Р
32898.opus,ОЛ9ПСЪЫАХ
32899.opus,ЛНЙРЫП48Й
32900.opus,ХД1 3НЭ
32901.opus,15 3Ф2ЫИ
32902.opus,ШВ4ЯДКЙ#
32903.opus,РТ6ГРХ11
32904.opus,ЖАШ4С1НГТМВГ
32905.opus,7ФБМЛ3ГЮ#
32906.opus,Э2ЮЦ0Ы
32907.opus,ЖАЗЬ5КЭТ
32908.opus,ОЕ9ХЫЦЩ
32909.opus,АШСФЗЬ5 0
32910.opus,ЦУДТЧЮЭ8
32911.opus,5ЧГ42#ЩРХ
32912.opus,Ь#МБФЙЕЛЙЫ
32913.opus,5Ч5ШЮ6У Х7
32914.opus,ЬЭЪ49ДУГИ5
32915.opus,ЗЫТЩ2ЧГШ
32916.opus,ГЙ8ЫЬО
32917.opus,Р 2БОКТЬК
32918.opus,ЧР3 ЮЛ0 С
32919.opus,9У7МБ8И77
32920.opus,НЯ ЙФБОЦ
32921.opus,Т8КТЧЬ БЙ
32922.opus,ДХ973В2Ж
32923.opus,Щ2ШЮЫИРЛ3
32924.opus,П5ЕШ6Ж
32925.opus,5ФК71Д#6В
32926.opus,РЮШВБДДУТХ
32927.opus,ПЪЮЦ2КУ3Г
32928.opus,МНХ ЧОГЛ7Ь
32929.opus,ЗЕЙ ЭАЫЗЙ2
32930.opus,В ГЧИ8ЩЦ
32931.opus,ЙЧЛЩ#ГА
32932.opus, ЩУ8Ш
32933.opus,АМЖ31ИДЙ7ММЯ
32934.opus,ЪФ1#МЕЖ
32935.opus,5 Я#ФМКМИИ
32936.opus,Щ#ЛХЕЕШП
32937.opus,1ШЕПУВК
32938.opus,К8ЕВЮНАЙЙ
32939.opus,ЫРУ#ЯСЭЛ
32940.opus,АИ#7ЕЖВКДА
32941.opus,0ЙКР10Я
32942.opus,75ЭТ33 Ы
32943.opus,83# ЫВ
32944.opus,ИМЭМЛРЭУЬ
32945.opus,3#1БАП
32946.opus,ВЯТ4Б0
32947.opus,4Е2ЙБФЩ4Р4
32948.opus,З0Ф ИИКЯУТ
32949.opus,68ЕЭЮП3
32950.opus,Ц8Ч0ЗЮ5 Д
32951.opus,У9ЛВЪЫ4ШЧ
32952.opus,14ИБББВХ
32953.opus,ЫЯФФУ0Ж
32954.opus,8ЭЯТВВЦК#Ю
32955.opus,ЭМРАЪЫЯП
32956.opus,ВЦ # ВАРФЕСБ
32957.opus,9П5#ЩЛ
32958.opus,ЬРХ1ГРХЭ1ЯЮ
32959.opus,ТДМЕК6ТТЗЗ
32960.opus,ЩО09 Д
32961.opus,ЬЛЧЧМОВС
32962.opus,ЯИЯБЫИ1ХО
32963.opus,ЙНЦ7ФЙЩЛИ
32964.opus,ЬЩ9З88Ь
32965.opus,2ГЮУ63ЕР КГМ
32966.opus,ЬИКЩЮЛЗМ5
32967.opus,АЩПЩРКЦИМ
32968.opus,Ю12#1Х
32969.opus,УР РШД 1О
32970.opus,ШОЪ6Й9
32971.opus,ЮЕ28 ХЛЗ6
32972.opus,ЭЩИЮЮЦЖЗУ
32973.opus,4В73ЛГ2Ы6
32974.opus,ВЭЮЧБЫА
32975.opus,Ь9Г8ЬН#М
32976.opus,КЮАБНФЭРСМЕХ
32977.opus,ТЗГГЙУБЕ09
32978.opus,0Х30С8ИБ4
32979.opus,50ФНЦФГТ
32980.opus,ХКФШЭЩПЮ 9#
32981.opus,ЛЮЩУЮЙ0Ш
32982.opus,КВ1ОИК
32983.opus,Х7Д0ШЫОРЖ
32984.opus,Ы96Я4ЧВ
32985.opus,Э9ЖЖНТ ЧОЪД
32986.opus,С#ЖЖОШЦЦФ
32987.opus,НХ8ЗАЭНЙД
32988.opus,ЮХЯУ П63А
32989.opus,Э#БШБЬД58Д
32990.opus,#0ИЫЕЮДА
32991.opus,ХНЕГ ЖЬ5ЮОЖЕД
32992.opus,8ПЯЛЯГТ
32993.opus,60Ш7ЪЬ7Х
32994.opus,Ш3ХЙСТМ4ТЬМ
32995.opus,ЮУФФМУСЬВЗНУ
32996.opus,1ЦЫЦ3ББЦ
32997.opus,ЯИХ2 К 1ЪА
32998.opus,0#МЭЗЪД7ЦЮ
32999.opus,ЖФЗ189
33000.opus,10##3ХМ
33001.opus,ЯЬРШ#ВЖП4
33002.opus,ИЯЫИ9ОЧ3М
33003.opus,Ъ ЭГБШ #
33004.opus,ДЯЫ И79РФ
33005.opus,ШЧЕАЮ#ЫЕЧ
33006.opus,ВК3ШФХРР
33007.opus,Т И9ФОЯ31ФП
33008.opus,ГВМЫ85
33009.opus,МРЙЬТСХЖ ХНЧАЬ
33010.opus,Ц60 Ш68
33011.opus,СЦ#ЯКШЕВ
33012.opus,ЖЭ8В 7К
33013.opus,29ГЕЩЙ1
33014.opus,ХГЗТ6СА 74В
33015.opus,0ШМК КК7Л
33016.opus,М0П9ДОВЫЗ
33017.opus,ЗФЯИЕ7Д НЩ
33018.opus,Ю0ЙЪЦ
33019.opus,ЫОТУЫ5ЛЗ
33020.opus,4Х7ЙФ9
33021.opus,Ъ2ЦЫЖ
33022.opus,НВР0 ЮЛРФ
33023.opus,ЯМЩ5ЩШНИВЧ
33024.opus,Ч Я7Ъ9Я8
33025.opus,ЮК2ЖШШ
33026.opus,7Ф8ЬЮХХГЭО
33027.opus,ОЪШБГАХ
33028.opus,МЭ0КЙФ1
33029.opus,ВСЪ#БЮ4Ъ
33030.opus,ХШЭОИ
33031.opus,ГН490Ц9О
33032.opus,84 ПГИМ МО2
33033.opus,ЮЭЦБЦ 2ТОЦ
33034.opus,З#Л8МРА3
33035.opus,3Ъ56БЧКО
33036.opus,П6ГЬММЧ
33037.opus,Ь3Я##ЖЗ
33038.opus,КЦ ВМФХЩК
33039.opus,ЭГБОГЮС3В
33040.opus,8ШЪСХИО6
33041.opus,ЮА3 ТЯ80
33042.opus,ЧГ#8Я1ДВ
33043.opus,ЫД#Б69ЯВ
33044.opus,ЛЫ9 Ы4Д6
33045.opus,Э11ХИШ
33046.opus,2Р#3#4ЦЖ
33047.opus,#С4АУЙЮУИСЩТ6
33048.opus,17ДВЕЫ8 Б
33049.opus,ЯС УЛЩЯЩ ЮС
33050.opus,0ЦГШХ4О5
33051.opus,Ж9 #Р
33052.opus,5ШЖЬУЭЩ
33053.opus,ЛМЦЮ ЫЯЭ
33054.opus,ГОЮЭЯХГЖ
33055.opus,ПК7#Ч ЕБЯЦ
33056.opus,2 КВЦЬЖЮ
33057.opus,КЖЮЙОЯЬЙ
33058.opus,ЗФГУ2КПАР
33059.opus,НЙЮ ОИУЮМ
33060.opus,ОМЖ# #
33061.opus,ОД5У 7ЧТУЗ
33062.opus,ЗАСБЙЙТ С
33063.opus,ЦНБЖУУТ#Е6
33064.opus,ЪЕ М ГУЛМ9
33065.opus,2ЫР ЖЖЪВТ
33066.opus,УИ Л#Х0Э
33067.opus,ДСЩЛЦЙБЛЗ
33068.opus,ЪПСЯУ#Я
33069.opus,ХЛШ38КМ7Н
33070.opus,РОФШ470
33071.opus,Э4ЬЫ7ЕЙ
33072.opus,ПЖАИЛФВ7Г6Д3
33073.opus,9 ШВЫ
33074.opus,7ЩЕВ56ВЕИ
33075.opus,ЦТЖ9П0БК
33076.opus,ДЖИЮ РСИЗП5Х
33077.opus,Т#У ЗБСЖЪ
33078.opus,6 Ф МЕБШ1ШЮ
33079.opus,ФЖЩЯЧП5З
33080.opus,ЫЗИР3ПСЛ
33081.opus,У7 ЗА ПЖ0Н Е
33082.opus,СТЧ5ЙФГКАКДК
33083.opus,Д0РОЛЕС Г44
33084.opus,ВЛ1НЪЪ
33085.opus,ЖЫХН0ЛРЭ
33086.opus,КЫ72ПЛЯ4Т
33087.opus,#БЦ87Б6
33088.opus,СЮ9ЧЗЖГД
33089.opus,ОЖ ЖКЬЗЬ2Д3
33090.opus,СЫПФХЖИ2ЪЙА
33091.opus,1 9КТОР1ХРГ
33092.opus,#ХЭ П ФЛМИ2РУ
33093.opus,6ЭАЫКИХЗАЦ
33094.opus,Э8ЩТЩЯХ КХ
33095.opus,ЧЫКПЫУЫ1
33096.opus,ЛОС6ЗЛЗ
33097.opus,1#ЕУП81
33098.opus,ЛЗ5ЩЧХЪ3
33099.opus,В5Ч НН9ОЧ
33100.opus,Т9РБЫЮ4ЗВ
33101.opus,АНАСДЖЪТЖБМ
33102.opus,71ЭШНЦЕЦЫУ
33103.opus,#ТТЖЬЭЬ0
33104.opus,48ФЬФ9#
33105.opus,ЦЮ СЛЮРЧ2БФ
33106.opus,ЛСЗКЬ33ЪЖО
33107.opus,ШОСЪС#1
33108.opus,О877УЪ6
33109.opus,НГ#Е ЯЛ56О4
33110.opus,48Ь3ООЯ9В
33111.opus,ФТЖЪ53
33112.opus,9ЯТ81СБЩМ Л
33113.opus,МЫ05ХП2
33114.opus,ВПАН4ЭО9
33115.opus,НБЛ#ЮЭ#
33116.opus,П2З У3Ф#
33117.opus,Н9Л 59Ч7Ю
33118.opus,2#0Ъ29
33119.opus,Р0ЕИМИСЖ0И
33120.opus,ЧЪЩ8ЬЩЩ К
33121.opus,2ХЩЖ ЯШ5П
33122.opus,ЛЛИЧМФЩ 4ЕГЖ
33123.opus,ВЬ АЖФ#ЕЕ6
33124.opus,ЩСМУЮЩЧ2ЪВ
33125.opus,ЕТЩВ31ЙАЪ
33126.opus,П О71СЙК
33127.opus,ЬХ22ИГ2ЖДИЦ
33128.opus,ЭХККЯ1 ЛЗ
33129.opus,П5ЫФ С66
33130.opus,ЛЩЭРВУМ 4ДП
33131.opus,ЪУ Б77А6Щ
33132.opus,МЙИ20ЛЬ
33133.opus,71ИТСЬЙ7
33134.opus,ЬФПС6Р# ХЗ
33135.opus,Ы37ЬЖ0КЩЯ
33136.opus,ЭФЙАЪПТГ1
33137.opus,ЗПЯ2Е3АУПНЬ
33138.opus,РЮ8ЙЖС С0ЧС 
33139.opus,ХЬИ ФЛ7ОЛ
33140.opus,В#4ЬХ
33141.opus,ЛРШ# ТЭШ
33142.opus,ГЭВ2 М0
33143.opus,И#Й #ВГПЦ4
33144.opus,ЦФВЕ7П6ТШС
33145.opus,В8ЯФИ0ЯЬИ
33146.opus,ШЧЦ9ЯЮ
33147.opus,РЯЩ6ГШЯ
33148.opus,1УОЦ3ДШЪЖ
33149.opus,Щ#Л Ь4Н2
33150.opus,Р2ЫНЭ#ОЬ
33151.opus, БГЩЕЫПЫГЩ
33152.opus,ПЪЬБЦ ФТХС#
33153.opus,НМА1ВХ Д1
33154.opus,3ДЭГЯД7Х
33155.opus,КЪУЯЪ5АА
33156.opus,ССЦ2ДШ БМЗ
33157.opus,Л47БЖ#
33158.opus,ЛНЪ#РЫВ5
33159.opus,ВП ФУЧГЖЯ
33160.opus,ЙМГЕЩ1ШЩ
33161.opus,5ДЦФ654Г А
33162.opus,ШЪЙБРЬ4Й ЕН
33163.opus,ЩЧЩИЩЙФЦ
33164.opus,56ЬВДЯППЬШ
33165.opus,7С 3ПГ0ЦЬФ
33166.opus,ЫОЙОИ ЗЯВСЮХ
33167.opus,ЛФОЧ6ЯШ0
33168.opus,9ЛЫЫ 44Р
33169.opus,ИЙЧТ3В7ЬЯ
33170.opus,Э3ОЫЪ9 4
33171.opus,РЯБХЫАМ5К
33172.opus,ФСА8ЦА9
33173.opus,ЩРУТКЩХЪД
33174.opus,3ПСВПОЯЕЪ4
33175.opus,КЛАА7ХЬ9АВ7
33176.opus,ОШ0ШУИЭЩ
33177.opus,ФХОНЮВ#М
33178.opus,ИЩНК7КЛЭЛЫ
33179.opus,Х2ЩРЯ#ФЮСУ
33180.opus,ЩЕ ПМИПЯЙД
33181.opus,ЧЕКР2 ЩБ8#
33182.opus,ПЧХОЬЕЫЕТТЛУР
33183.opus,Х0 ЪХГШУЭ
33184.opus,Т9#СШЩО
33185.opus,ЙЫЗ302О
33186.opus,Ъ8Ч1ЧБ
33187.opus,Д4ЩА КНИНЭ
33188.opus,6ГЮ0ЯИВ9
33189.opus,3ЖНМ75ЭР
33190.opus,ЬЬМ2Т89
33191.opus,БЯ6В КЦЙ
33192.opus,ШЛИ У СЮТЛУ
33193.opus,ЭЯ0ЖРФ1Б
33194.opus,ЖОРЗ#КХ0П
33195.opus,Ф1 6ЧТ6О6
33196.opus,ЕЦЮЛ7 ЩЖЬ3
33197.opus,ДЛ1Б09БЮ
33198.opus,ЙЯР2ШЮС
33199.opus,ЭБИВН УУШНС
33200.opus,И0ЫФ6М58Й8
33201.opus,36 К0СВД7 Я
33202.opus,ЩЗ3 Ц2ЕСЗХШ
33203.opus,ВАГ3Л8Ж
33204.opus,5#И1ЕЛ33
33205.opus,НЩЮЭАШ0
33206.opus,ШН 95 9
33207.opus,ЗЪЛШЧТ6
33208.opus,Л71ЛТЩЫН
33209.opus,#7Й0Ш8
33210.opus,Т83ЛХЦЯЖ
33211.opus,Щ3Ч ЭД#Ж
33212.opus,ЩМЙЙ4ШИ
33213.opus,К9#ЕЕ6ЩШГ
33214.opus,Я2ДЭС ЬР
33215.opus,Е2#Ф 1РИПЕ
33216.opus,ЗДЭ5РЫФ8
33217.opus,ЕСЪШЪДЫЭС
33218.opus,7ЖЩШ5ЫШО
33219.opus,7МЧ0ЯЮЛ
33220.opus,Х8ЧЪГАЕВЛМ
33221.opus,11Ц Ц5ЫЗА
33222.opus,СЛЫР20
33223.opus,ГЭМ204НЧ
33224.opus,ЩЪРЕШВФГСЭ
33225.opus,ЭРОТЙБИУ УЫЯ
33226.opus,7ЮКБШ6Ы
33227.opus,АЩ3ЫЙН 02Н
33228.opus,7ЬЖИ ОТНЭРР4
33229.opus,ПБ# ДЬ395
33230.opus,СЛТГГШЖЭСЗ
33231.opus,ЛАЧР 36ЫРГ
33232.opus,Ш17К7ВШМ Н
33233.opus,РЙЬЙУА4 Б Н
33234.opus,2ЮФБЦ56
33235.opus,ЗЩМШБ7Л06
33236.opus,88УЩ9ЙЙ9Б
33237.opus,ФЪХЫ760
33238.opus,ТА4РЙ# ЧЮЖЭ
33239.opus,В 95ЧЙИД#
33240.opus,ЮУБНОХЕЕ Б
33241.opus,3ЩЮЮАНХЕ
33242.opus,МЗЩЧ###
33243.opus,ЧОИ1ВРИЕЛЙ
33244.opus,9Щ5ОПМБ7
33245.opus,ИЬХЛЯ ОЩ6А
33246.opus,Й7Ъ#ЯАЙ
33247.opus,ПЮККК1Ш
33248.opus,А Й ЧЯАТПЫ
33249.opus,ОРЗЬЭ#С
33250.opus,7908СУ
33251.opus,Д3 07Е3З
33252.opus,РЫ#5ТЭЪЯ
33253.opus,М8ДБ59БТПР
33254.opus,16В0А З5Б
33255.opus,8ЖМ6ДХХВХВ
33256.opus,МОЖЪЪ618
33257.opus,Щ0287Е1И
33258.opus,ЩДСНИ 9Г0К
33259.opus,ДТ1УЗ#У33С
33260.opus,ВЩЩ7ГЗ7
33261.opus,СЛ ХИВФ6Ю
33262.opus,Ш4ЬТЕВАКХСН
33263.opus,ЛФКНН0ФМ
33264.opus,З4ЦМПРС#
33265.opus,ОЦШ2Ъ
33266.opus,ЮЮУФР7УЕПМ Ф
33267.opus,ИЯ0Я9ХЕХ
33268.opus,95К8ПЮ
33269.opus,8К Х 52Ь4
33270.opus,241Н РЮ ЯЯ5
33271.opus,ФКАЬ4ИП7БЩХР
33272.opus,У# 6830П
33273.opus,ХЦЕЩ968 Х8Й
33274.opus,51Ч3Г Е
33275.opus,З6ИОШЪ7
33276.opus,УЙВИЕБОРЪР
33277.opus,7ТЮ9ПЩ2
33278.opus,Ч9А2РЬЧО
33279.opus,Я2БЗ3Ц
33280.opus,4Щ1ЕНЧЕЬФВ
33281.opus,8ЖЫЩЖВЫЦ
33282.opus,ДП9Н3Ф6ХМК
33283.opus,Ы75СЮЮБ#0
33284.opus,94Я#7Ф5Р
33285.opus,НГ9ИЧВЕАС7ЗА
33286.opus,8УТ 4БЕЗ
33287.opus,ХЗ6ОЛЪЧА
33288.opus,#ЭР6 ДСП
33289.opus,ЯФЛ УЬЭВУ#
33290.opus,1Ч#6ЫЗМ
33291.opus,ЯЮМ ВГЩЗ
33292.opus,Э63Ф2Ш1Ч
33293.opus,МЬД8АВ49
33294.opus,Щ#Р07 ЛЙ
33295.opus,Ч1ВФЩ7Р
33296.opus,6ФИ40МЕЗЪ
33297.opus,ФЙ4ДЙЧБ
33298.opus,З АЭС К3 Й
33299.opus,6ЭПЛМФЛМЩЗИ
33300.opus,6#ЖЯЪВУГ
33301.opus,Д2ШР1АИП Ъ
33302.opus,ШЬ5А4#ЛОШ
33303.opus,ДТК1 В0ЮШ
33304.opus,ВАЦ5ЪЬЩЫЩ
33305.opus,СГГХЯЛЮД
33306.opus,7Л2ЭГСД
33307.opus,ЯНЦ3ИЭФЬ
33308.opus,8ЮА5ЙЗМНСС
33309.opus,#ШФУЕ6557
33310.opus,КЖН Э9С5
33311.opus,Й1НЧ1Ъ
33312.opus,Й# 2К# З
33313.opus,1908Ш П
33314.opus,3ЫУЪ3Н8З
33315.opus,Э ЩУФ2ИФ В
33316.opus,ЛОЙ#Т9
33317.opus,2ТФ2У 74
33318.opus,ЮОЩГФЯЪТК
33319.opus,7И87У3
33320.opus,ЩЭЗ9ЩЮЛ
33321.opus,Э4Ч ВЩ
33322.opus,Й0766ЪЪ
33323.opus,ЖЬБЯЯЙЫУДЖ#
33324.opus,58МУ611
33325.opus,ЫХЧБЮФЬ Ж
33326.opus,5ЮЗ3О3Ы5
33327.opus,Г5БС54Я7З6ЬУ
33328.opus,ТЗ0Ч0Х Ф
33329.opus,#Э8ПФТГ7В
33330.opus,Г  3И0Г
33331.opus,ШЛЙЦЖЬМИ
33332.opus,ЮЙЮ#Э8 3
33333.opus,ПШЪЧХО
33334.opus,ЧРТЫ 8ЩК9
33335.opus,Н СЭЬ6867У
33336.opus,Ф4Р6З7УР
33337.opus,УЫЙ1РЕОБ1
33338.opus,ГЗ8ЧДЩЬ34 5
33339.opus,1Ъ#524
33340.opus,ХХЮЛ8РХ38Ц
33341.opus,ЖЖЦИП3ЫЦЙК
33342.opus,7К9Ф4БД9
33343.opus,Ь9ШЬГЪ96
33344.opus,ШЬЗМ4 8ХЙ
33345.opus,9РЙЦ3Д
33346.opus,Т#Т8ЛЪУФУХХ
33347.opus,Т 66Ъ0РАЙ
33348.opus,ЬИНУ С96Ф
33349.opus,0Р0КШН4
33350.opus,0ГХ Щ9ШНВ
33351.opus,4УЫЯ 5Ц ЧЭ
33352.opus,БКЬ03Ю6#6Ф
33353.opus,ФФА2ТЫВУВЫУ
33354.opus,ЩШШЩТ1
33355.opus,4 ГЗНУ 23Р
33356.opus,МЪ ТУ9ЖЩОИ
33357.opus,Т9ИЦЦЕАСУЗЬ
33358.opus,0ЖБ ВЪ ЦУ
33359.opus,ЭБ9ФЭХО
33360.opus,ЫДОЫУУ Р
33361.opus,Н ЗЫ5Щ3Д
33362.opus,Ъ2Ш5ШУС
33363.opus,ДЖЧРП8ГД
33364.opus,4ЦФ ЙЬГЖЧБ
33365.opus,6 ДЮ Д АХН89
33366.opus,Х10ХКЗ 7КМ
33367.opus,ПМЫ0ВВП
33368.opus,ШС2АГСВЦ
33369.opus,Р#ЬИЫ2ТВКН
33370.opus,ЗДТ5РЯ НЙН3
33371.opus,38ЛР9Ф7Г
33372.opus,ФЧ45Ц83О
33373.opus,#ЪСГП РАЙ
33374.opus,371КУМКВ
33375.opus,УРЦБЭЧЗЭ
33376.opus,УШСМСВКШ57 Г
33377.opus,47СБ АЮ2#
33378.opus,АЯ0ЧЫЕЪФ6
33379.opus,83ЬУЭЛЧЫ
33380.opus,7ТП04 ПБУ3
33381.opus,ПАЭФ8ЗЭМ
33382.opus,ЮЫФ7КБАН#
33383.opus,ГАФ4УФ14Х
33384.opus,Д#ХУ2Д8Т
33385.opus,#ЛИЦ4ОФДЩЦ
33386.opus,#ЙФ01Х Б
33387.opus,СЭ 2ЕМЗ8ЖЧТ
33388.opus,НЯТАЭЙБСКР 8
33389.opus,Н7ДТ 1Б ГСЛЮ
33390.opus,1РЭЮИКЯО
33391.opus,#ЦВУШД
33392.opus,4ЯТЫПРХ К#Г
33393.opus,АЫЕЖАЙ 4ЬН
33394.opus,Л7У 3ЛНФС6ЗЦ
33395.opus,44У#УВЗ
33396.opus,ВП ДСШО1Ы
33397.opus,#140ФУ
33398.opus,ЫЬВ6ТИ1ПРСЦ
33399.opus,ВТЫ135Х0
33400.opus,ЪН98ЩК
33401.opus,ЫШКПСВЖ МП
33402.opus,5Г3ТУШЛЭЮ
33403.opus,8ХФГ0И
33404.opus,3РВЪТНЩЙ
33405.opus,8ЩР 9ЙЮАА65
33406.opus,ВРВЩАЫБФ
33407.opus,И 3ХЛФ#
33408.opus,ПЧ 0Ь Ц84
33409.opus,Б9ОЖ0ЙЯЭ5
33410.opus,К3С ФС4 2
33411.opus,ЯПФИ843
33412.opus,Я6ОЙСБЕ9О
33413.opus,Щ#ШР#Н Ш
33414.opus,7Ш7Ч3Ы
33415.opus,ЦЗ6ЦИЮ ЭТ52
33416.opus,9РЯЩШБ3О
33417.opus,80ХДХ 3Я
33418.opus,ВЯГСПАБД 8
33419.opus,Ч0Щ002ЖУ
33420.opus,9М#Й1Г2
33421.opus,ЭСПГО2НЩ
33422.opus,5ДЦУ1ЕУ0Я
33423.opus,#0 5ХЧ9И
33424.opus,Ы1УУИЙТБ ИС
33425.opus,Л9Ю1ИЦБЪ
33426.opus,Э4ХКЕИГОЪ
33427.opus,ЦЙУЖ Ж1У3
33428.opus,19ДС
33429.opus,8ГЗ3ЛВГТТДК
33430.opus,ВЯРБ8ПКПЗОК
33431.opus,Б93К6ЮЙ3
33432.opus,ТФ1НХЧ#СТ
33433.opus,6СЭЯ3ЮНЗ
33434.opus,ХИ2П0 У
33435.opus,7ЗПЧВ МЕПМ3
33436.opus,Х26ХРЫЦГДП
33437.opus,ЪЧПЙНЙЕШ0
33438.opus,ЦЧМ ШМ#Ц
33439.opus,УЙГЕГКС #42
33440.opus,Ъ5Т0БРФХ 7
33441.opus,ЮЩВИС3Е5
33442.opus,УУВ#П61
33443.opus,ВЕЩЮЖС2ЬХ8Е
33444.opus,Ч#4ЫФРВ1
33445.opus,МЖР ЫЮБ32
33446.opus,К 3КВ7ЗЬЩР
33447.opus,УГЬАЫ7 Ы3
33448.opus,ЕЖ5ВЭ Е РРЯ8
33449.opus,ЦВИЖЮ#КВ
33450.opus,УТТЯИ#6ЛЮ У3
33451.opus,М79ЙЙМ2ЙВЫ
33452.opus,Щ ЮЛГШ
33453.opus,#9КО4АСН
33454.opus,44ШЫ
33455.opus,Н1Ч#ЩИЛ
33456.opus,С8ГЬ8ВФА9 Б6
33457.opus,ЫЦЧАЮ ЬИ1
33458.opus,Ю#УИПДЫ ЖК
33459.opus,2Ч0#О1ВЫ
33460.opus,9ЗУЦ0ЩА#Р
33461.opus,295ФЭПН
33462.opus,2Щ0ПЪГ
33463.opus,832ХЩЛЦЙВ
33464.opus,29БФО2ФЪ
33465.opus,4 КЧВЭЩЬД4
33466.opus,Ь РШЮХОЯВ
33467.opus,ЬТЩФЯХЪ
33468.opus,ЧХУЯДНШ352
33469.opus,ЙЩГ5ХЛЩДУ
33470.opus,ГЕУ825Ю5
33471.opus,ЩЮЮЬДУЪЮ
33472.opus,РЗБКВ8КЧЖЭ
33473.opus,Р0ФБШ ГМЯ
33474.opus,46ЦЕРШСЩ
33475.opus,С83ПЩ9
33476.opus,П1ЯИИ7И
33477.opus,ЩЦОТ#08
33478.opus,КЯЫ#Ж9
33479.opus,Л КМВ682
33480.opus,Ж5ЖЫИ5Ю9Ш
33481.opus,ЛФЩРЫТШЪ
33482.opus,6ПЦ9ЫЕ0ЙГ
33483.opus,Ю2Ы1Х #Ы
33484.opus,ЙЦ5ИЦБУ2ЧАЕ
33485.opus,3Ю84ЛБТ
33486.opus,ВЧРЖ95ЪЕ
33487.opus,ЫЫ В06М
33488.opus,АЭ5ЮЬЕ
33489.opus,БАШГЬЭЬЙУ
33490.opus,ЩМ41Й0ИЩ2
33491.opus,БМЬ5БХИ9
33492.opus,П8ЕИП ПОЦБ
33493.opus,3ЦУП 5Ц 2АЛ
33494.opus,К Я76МЩЦ 1И
33495.opus,ЮАЖ3О9
33496.opus,КЙЮЕМ2 7ФШ
33497.opus,Ю4 8Ф#75И
33498.opus,ТТШИ3УИЭ7
33499.opus,3НЗЕЧЖМЮС
33500.opus,1Я0ДУЖЦЯ1
33501.opus,АЬЛДЫЦПЮ8С
33502.opus,13СС3ЭЙ ХК
33503.opus,ИДУБМГЗБ2
33504.opus,Е2ЯШЪЦЕЩКЛ
33505.opus,ЕШЧИ3ЭДЮАЕ
33506.opus,Ъ63Л8ОБ 4
33507.opus,КПЮИЮЭПКР
33508.opus,Х1 КАФ0Ц
33509.opus,99ТЕБУО8 Щ
33510.opus,5А#ЮЯК 9И0НБ
33511.opus,А6 #2ЪЛМУМ
33512.opus,ОЗШЖЭ ЕФ2
33513.opus,НХЧ0ИЪСЧЧ
33514.opus,ВЮУСЖЯ101
33515.opus,ЖФ6#4ЩО
33516.opus,Э1ЭФ2Ш
33517.opus,1ИЮРЭПС7ТШ
33518.opus,65РЖ6ЧЙ
33519.opus,7У66МФПЭЧ
33520.opus,ФЙНМХЫ1М
33521.opus,Щ9О А3ЦШЯ
33522.opus,З0 ВШБ7ВЩ
33523.opus,ПИЛЪУ ОЧЧ
33524.opus,ЛЩ8ХШПЗ
33525.opus,Э5ЗУЗ0ВАФ
33526.opus,О317ОЭ09
33527.opus,МЮШ643Е
33528.opus,И77СЯОТ#0
33529.opus,5ЮЩЛ36У6С
33530.opus,ОХ ЧН2Ъ3
33531.opus,ДЙ МИКЯЧ
33532.opus,Ф73ПЛ96П5М
33533.opus,5МР8ЙРИЫ
33534.opus,РЙ РОСВР#
33535.opus,РНАЪСЮКЧ
33536.opus,Р704ЗМГ5
33537.opus,П0Ь8#ПС
33538.opus,КС 6НЪРЪУ
33539.opus,ЖН98ББЯ
33540.opus,МСА8В6ФЖ
33541.opus,Й9КХШ1Щ0
33542.opus,2ЭХ# БА
33543.opus,Р2ЙА ИЖМЭЦ
33544.opus,ЧМ5ТМНУП3Ъ П
33545.opus,ХЮ Я6ВДТ0
33546.opus,КЛ7Ф42ТУЙ5
33547.opus,Ц3ДБРТГЬ3
33548.opus,МЯГН2ПШБЙ
33549.opus,К#8Х #Л44С
33550.opus,ИБ4К ШБЫ5
33551.opus,ВМСЗЭННТ98
33552.opus,ЩЫ74##Ъ
33553.opus,Е70ЩЛ8ЩР
33554.opus,НЫ ЭК И1Ш7
33555.opus,Я92ЪВЙУ
33556.opus,7ЖФ1А
33557.opus,З41УПНБЪ
33558.opus,ГПР8ХКЭЖ
33559.opus,41НРЩЖЗ9В
33560.opus,ГК4ЪА64Я
33561.opus,СХ Ж 6У1 6
33562.opus,Н0ОО ПЫМЗ
33563.opus,Н#ГГЪ7Ъ
33564.opus,ЖЫ ЗЫТИ ГШС
33565.opus,4ЭГК4ГТЦЗЭ5
33566.opus,КМ6Ж67М
33567.opus,НГ48ЭСАП4ЬН
33568.opus,ДЖА ФУЩ6ЕУ
33569.opus,АМА 5ВИ 9ЛМЛ
33570.opus,ЬНИЕЧД ДН34П
33571.opus,1КАЯСЫЖХГК
33572.opus,5ЩЧЖД5В
33573.opus,Л9ФЩА3 ЦЕЫ3
33574.opus,М2УФФЧТФ К
33575.opus,0ПЯФ5ЗЬУН
33576.opus,ЦЦЙСУТСБ#
33577.opus,ЙЖЙБ#ДЪГС0
33578.opus,571Б ШИГ1
33579.opus,ДИЛ4АГЧИХЧЗ
33580.opus,К9ММ ЛЬ8ЩЯ
33581.opus,5351ЛТУО Л
33582.opus,ПЙУ7ФПКЦ А
33583.opus,#ЖТ9БЪЪКП
33584.opus,4Й Р97 АЧ
33585.opus,Ж4Ч10#
33586.opus,Ь1ПИБОАЪ
33587.opus,8УАУ 9МЬЖ
33588.opus,11БДПА3Ж1Ы
33589.opus,ЭШЛ5ЛД42Л
33590.opus,АХВЕЯРШСЩ
33591.opus,УМЩЫЛЮС1З
33592.opus,ЬН1ЫЙФ 61Э
33593.opus,0Ж#Т00ЙШ
33594.opus,ИЭИ9ЖЙ ТЫЭП
33595.opus,ЪЦФУО ЭБ 4
33596.opus,Я8 #ЪЧ
33597.opus,Ц2Ы Т1Ц7
33598.opus,Х59ЕЧЛДЮ
33599.opus,ОРБД5ЫЕШФ
33600.opus,РЯ81МЙ2Ъ
33601.opus,5В2ТЬ4ТХ4
33602.opus,7ФЗШП46
33603.opus,47 ШЛ ОС
33604.opus,6ДШЪ
33605.opus,КЗШДЭДЖ5Й
33606.opus,#ЧТ#61
33607.opus,Ф#Л2В6Б5Ш
33608.opus,ФЛХЯЫЧЛ
33609.opus,КУ 2ФПЩЯЕ
33610.opus,#А48З
33611.opus,ДПЕЭЫБ7УЦ
33612.opus,ЩВЧТ7СХТ5
33613.opus,ПЛО0ВИЬ8
33614.opus,Ж9 2РЖЬЕКШ
33615.opus,ЧЮМИЬЭ #
33616.opus,Р6ЩШИ50
33617.opus,2ЛБО5С
33618.opus,ЖТАМ0ЧТЦ8
33619.opus,ЙФМАЖВЪ42
33620.opus,С7Т8Л#00
33621.opus,Ч1ХИ03ЭГ
33622.opus,ЮЬМЪЪЮ1ЗБ
33623.opus,БЮХ#СЯ1Щ
33624.opus,БН4Н76АЭ7Й
33625.opus,Ю ЭГХЖУ9
33626.opus,Й45С66 Г
33627.opus,Й0ЛДМЪНМЕВЯ
33628.opus,Х3ЕЫЛУН3
33629.opus,СБЦ12Я1СЖ
33630.opus,ЮИЧХЖЩБФЕМ
33631.opus,ЙДС1ЗЕ6В 5
33632.opus,5ШЦПЫН
33633.opus,ЙБ 44ФК 3Щ
33634.opus,ФА6Ч1К0О
33635.opus,Я ЭА26ЙЪ
33636.opus,КБС1ЪЙМ5
33637.opus,ЙНЙЭЭЙКА
33638.opus,0П98ЯА
33639.opus,ПЧИТАИЦЖТ ЕЙ
33640.opus,ВАФЕХ7ДТ92ПБ
33641.opus,Х9С27ФЭ
33642.opus,ЬД7А#КЦ
33643.opus,Н9ЫХЖГЭЩ
33644.opus,6ЙЙ82ТС0
33645.opus,СКЯОЪ4ТЙ
33646.opus,ДЫН7П5Д З
33647.opus, ДЖ46Р1С#С
33648.opus,ЮВЮЫЮЩ
33649.opus,НЛ8ТВ9ЕЪ
33650.opus,ЛЫВГ5ЫЕЮЧА4
33651.opus,ОН2ХС6БЭ
33652.opus,ХП9ГЗБЮЦ
33653.opus,У0ШМ М
33654.opus,Ъ0Ь8ЩГ
33655.opus,С0СЭИ4ЕЯ3
33656.opus,Й76НЛ24
33657.opus,ББФЬ2КЦЙ
33658.opus,1Ы8 ЛЧ
33659.opus,Л3Ъ3ГГЭ7
33660.opus,Г ЕАОИГВЙЖ
33661.opus,ЙШ19ЦД0Ф
33662.opus,Ь6ЯАМХТЯЬЕ4
33663.opus,ГЖ8ЬАСЦТХ0
33664.opus,У2Щ4Э2
33665.opus,С3ОЦА6В3Ф
33666.opus,Ъ ЦА5 ЬУЖЯ
33667.opus,ЙОЯФЛТЮШЙД
33668.opus,А7ЧЧ32Ш
33669.opus,СЫП35#2ЮВДЦ
33670.opus,АОЕФЬ ЛП6
33671.opus,Ф5БЙДИЪУ
33672.opus,Т 8ЭМАА7ДА3
33673.opus,О 4НМЧИЯ
33674.opus,ТЩИЕЗ4 ЖФЯ2
33675.opus,Р5ЙПЩППДП
33676.opus,З 9 #ФЭК
33677.opus,8ЯХФЧ9Б
33678.opus,ТЦ1ДТ 7ЯУХ
33679.opus,91ЬШЖ
33680.opus,#5ХГ7ЗХА5
33681.opus,000ЭЯ
33682.opus,Б3ФЖЙВИ 1ЗИ
33683.opus,Т9ЗШ 4 Р4И#
33684.opus,7И ЩОЮГ9
33685.opus,65Н4СВ9ОТ
33686.opus,ЙЫЕУЧБГ8
33687.opus,САНУЙОШ7ЖХ
33688.opus,ЧДЗ9БМП
33689.opus,6ЯЫЯ55ХЖЭА
33690.opus,ФНЖТ3ФК6
33691.opus,З ЮЛ4ЫГВЪ
33692.opus,1БКО5УЫ
33693.opus,Ю 3ЫЕЪТЙЙХ
33694.opus,ЦЩЮ4ИЯ1И
33695.opus,ТПФ1УЪУ
33696.opus,ЧАТЙВУ6СФЮЩ
33697.opus,Б#Ш ОЮЩЩХ
33698.opus,1БПВ7ШКЦ Ц
33699.opus,ЙЛЙДПП0
33700.opus,ЦД4ЪАС БУЭЧ
33701.opus,Ч4ДА5ХК5ПДЮ
33702.opus,1ЬЛ78Ш
33703.opus,БККЮЪ6ЙУТ
33704.opus,МА71Э Л
33705.opus,ЬШТИ ЪФЕ#
33706.opus,ЕБ3 СР ЬУ7Ы
33707.opus,Ш42УТХЬ#
33708.opus,ИЛЦС44Э5УЪ
33709.opus,Ъ6Ъ 7ОХ
33710.opus,ЛР17ЭЭА0ОЕ
33711.opus,Щ9ШХЗ3Т
33712.opus,Ъ69ЬЯПЩТЭ
33713.opus,ВМО7ЩВЦ
33714.opus,ЛДЬЙ411
33715.opus,РШЩПЩЯД
33716.opus,ЬЩРТИ02
33717.opus,ЖЬР60ЕФЮЧ7
33718.opus,Ъ4З1ВДЕМ
33719.opus,3ЛЕ4ДИ85
33720.opus,ЫЦЬЫГ9##
33721.opus,ЖЩЦФЦЩЦ1
33722.opus,ЭРННЙРЗ5
33723.opus,1ЛПЯДК 26
33724.opus,Ь ЛЪЛ8ЙБ
33725.opus,С0УЧ Ю6ЖШ
33726.opus,7ХГМЭЕЩ2
33727.opus,ИЧАХМУЩР4ГЬ
33728.opus,ФВВБРПЮЭЮ
33729.opus,СЦНЫР9ЧМ75А
33730.opus,Х Р9ЫД9К
33731.opus,ЗМА #ПЖ
33732.opus,Я3Ф ЪЙФ0
33733.opus,#Ы 7БЖЕГ
33734.opus,2ЯЧБИУ3ЕЩИИД
33735.opus,Ы3УЧ0ВЭЭВ
33736.opus,ДЦ9АКТЛТЦ
33737.opus,0ТЯЦОЙД
33738.opus,8РПФЭ1В94
33739.opus,ШМЬСЧ5Т О
33740.opus,ДХ2ШДС0КЮМ
33741.opus,8СКРЮОЩ2М
33742.opus,2Е50ЭКД4А
33743.opus,ЪГ0И8ЩТЯ
33744.opus,З3ЛЪ ЪИЮ9Я
33745.opus,6ЗЮЬГЮ6
33746.opus,ШО#64ПУ
33747.opus,1С3ЙТ9ЩВ
33748.opus,ФНЯЛПЯ3
33749.opus,НЗ КЗ3#М ВФ
33750.opus,Э7ХЧО52Ж3
33751.opus,ВЮ1ВВАЬЙО
33752.opus,Щ9ФХЭС##
33753.opus,ЭИШШЬ424СО
33754.opus,ЯЗ2У1ХАТФИ
33755.opus,РРЭШРЮПА
33756.opus,ЯЮ5ГЛУК
33757.opus,ЗСИХК5
33758.opus,ЙД5РЭ62 Ю
33759.opus,Б9#ЮМЮ36Х
33760.opus,У9В МРДЬЩИ2
33761.opus,8ЧПЗ К Х26
33762.opus,69Ъ ЖН9ЭФ
33763.opus,ИБ ДЮЧУИИЦ
33764.opus,Э Р6АЧ4Ф
33765.opus,К2ЦВЙ ЪЛ
33766.opus,А7УЬС1ЦА
33767.opus,ФЯЭ85УЙЫЕВ
33768.opus,7ЮНВЖЦТЧ
33769.opus,ЛАГЩГИ4Ю6
33770.opus,69С0Э0
33771.opus,Ш0#БЫ20
33772.opus,ЛЧБДНШШЬ
33773.opus,ЗХР5ГЩ5И
33774.opus,Ю77ЩДТЙЖ М
33775.opus,ЖЭ1##Ъ0Т
33776.opus,#ЕЧ 5#РСБ
33777.opus,ШК#ПЕЧ
33778.opus,7ЗТ4КПЧ Р7Щ
33779.opus,МРМ94ЭЦ7
33780.opus,ЫЯА63ГТ
33781.opus,К0ФШЪВ ЖК
33782.opus,ЩНЭЕИУОАЙТЦ
33783.opus,В10ЬВ ЫН
33784.opus,61ГЮН2ИЛФ
33785.opus,0#ЫАПА
33786.opus,ФП25ЫТ ЯР9
33787.opus,ЩЦМ 5 ЯХЙЦ
33788.opus,6ЩХФ3 Ъ2ЬР
33789.opus,АШЧТЮЖЩ
33790.opus,ЩЙЯ#Т БДИБ
33791.opus,ГГП3ЯЯСУК
33792.opus,Я0У6ХЮС
33793.opus,И9Ь С 14
33794.opus,Е Ч6ЫК 9ЕОЬ
33795.opus,Н4ОЮ219
33796.opus,Е6#БФЬЭ9Ш
33797.opus,Д2ЭНХ3Г КК
33798.opus,ЯПДГЭЗ ИЭ
33799.opus,ЗХНВ ЗКЯЙ7
33800.opus,СИС#БТХР6О
33801.opus,6О Б УПГЩ5З
33802.opus,2КЗБИСМУВУО
33803.opus,96ККХИЩЖ
33804.opus,ОЧЦЕЮЙВ8АПР
33805.opus,ЕЮЗЩР6УИЮ
33806.opus,2ЭББ3ЖЗЮ
33807.opus,79ГЫФПУБЬ
33808.opus,Ь4 ЬХЧ3ЭИП
33809.opus,ФЭДЧСМ З8Ю
33810.opus,ГЙТ36ПР
33811.opus,СИОМА9МК КТ7Т
33812.opus,5ИГ В7А5Г
33813.opus,Ь РМДНА7
33814.opus,В#И50#З
33815.opus,7КВ88Ъ4
33816.opus,1ЙЕП МКЧМ
33817.opus,РД5ЙСБФСВ
33818.opus,Ф4 РТТР84З
33819.opus,ДЙЗ91Х
33820.opus,НЗЖИ7 ЗЦТ
33821.opus,ОБИ7ФА61Ь 
33822.opus,6ХИЖЦЗСТПХТД
33823.opus,СЧСБЬЗ МККЩЯ
33824.opus,7# Г25ШЬФ
33825.opus,ЗЕСПРНХЛЧ
33826.opus,УЦН ЦФЦ15Л
33827.opus,ЪН4ЮТН4
33828.opus,1ЦНЛИОФЩ
33829.opus,ЯАЭЯРХТЫЫЙ
33830.opus,1ЫЕЙ73#ТИС
33831.opus,#ЭЦЪК БК8
33832.opus,ЙПЧФЖЭ1Б
33833.opus,#Т6ПР8ЭР
33834.opus,6ЪФ9Э0
33835.opus,#7 ЦМЦ7
33836.opus,ЙШЦ2ДЛ8ТХХ
33837.opus,Э453ИЗЫШ2
33838.opus,ХЬО9П1ЖК
33839.opus,ЗТЦХЫЙВ9Э
33840.opus,ДК21Ц2
33841.opus,0Д #ЗЦЪ3
33842.opus,ФЧЛ896
33843.opus,АНЧ6Э46
33844.opus,Т9ГЩА4ЯТФ
33845.opus,ХДЛЦЛ А6ДМ
33846.opus,ХКСЯОЬ4ОЮ
33847.opus,Э 2К13Щ
33848.opus,0ЫГЧБИ08
33849.opus,Е2ИВЭУ 8БО
33850.opus,9 ЗЮ6025
33851.opus,0СМ6ЬЯЬЬ
33852.opus,ПЖЭ4С3В2С
33853.opus,ГГУИ1ШЪИП
33854.opus,РЙП6Ш ЛЛП
33855.opus,ЭЭЪ#ХМ0
33856.opus,Щ7О#ЯУ4У#
33857.opus,ГГД8ЮЖД
33858.opus,МЯЕ4ГСРЪЯ
33859.opus,ЯЗМ3ФХЬ1Р
33860.opus,12ИЧ7ГЫФМЕС
33861.opus,ЗМ9ЗЯ7КЛ
33862.opus,ВЦПОС62
33863.opus,В7Ж5ИЗДС1О8
33864.opus,9ЪХГВЧХ
33865.opus,7ЗК9ИПСЬ
33866.opus,М ХЭСЗТЮБ6
33867.opus,ЫЛ ЦП9К
33868.opus,Я0ЬГТО ВО
33869.opus,ПЫЦ ЪХЙ
33870.opus,АКЕР05ЛЩЫ
33871.opus,ЙЛ54В7ЫБХЯ
33872.opus,У КМЙНДЗЩ
33873.opus,#0ЭИС5О
33874.opus,91ЮУ1Ю
33875.opus,ИАЮШР Э РХА
33876.opus,ЪЖРО14ШЫ
33877.opus,ЫКЯ#УБСГ
33878.opus,М9Х Я5ВЪ
33879.opus,ОВЩЪЗГААЮ
33880.opus,СМ57Б ЛВА
33881.opus,ХЖЕ ЯС6ШИ1
33882.opus,9ФЧ23ЙНФЖ
33883.opus,ЙЧБ2Н37
33884.opus,ЛЮЕЮВЕЬ9С
33885.opus,ГЪОХШЯ
33886.opus,ЮКЗ1Й КАН
33887.opus,У#ЮЯЪ 7 П
33888.opus,Й 0Ы9Б
33889.opus,ТМИИ19ЖР6ГР
33890.opus,ПЗЪГДЬЙИК
33891.opus,НР# 4ЙЦ
33892.opus,РАЛФЪАЯЦЦЦ
33893.opus,8 АПЭГС
33894.opus,Я С1Ь5Ш31О
33895.opus,ХФОЫ1ОЬШ
33896.opus,57ЭД ЯИШЭ
33897.opus,9 ЬЧЪИЬФЬ8
33898.opus,АЛЖЪШЭ8
33899.opus,ПЩС5ХБУЬ#
33900.opus,Ю8ШХ 0Х
33901.opus,УО1 Т54
33902.opus,ДФЯ691ДД8
33903.opus,9МЧИЗ7ЪСВ
33904.opus,4Ф7 ВЗДЕ
33905.opus,ЦЗ ЪИВ ЩДШ
33906.opus,ХРЮЪП #А7
33907.opus,УРУОХЕНЙФЮ
33908.opus,НАО МЖМТМЯВГЧЖ
33909.opus,У99О 62
33910.opus,231ЙЪ1Ь
33911.opus,ЭЭ Э4ФИ8ОНИ
33912.opus,О СМОЮ3Х82
33913.opus,РД0ИЩ35Х3
33914.opus,СКЗЖ1 Я ИУ
33915.opus,Ш8Е 0П#4
33916.opus,ЭС 8КФ#В
33917.opus,Щ0ПЭФМПЩ
33918.opus,АН#7#Р7ЖЗВ
33919.opus,ЬЯК03ЧВХ
33920.opus,СЧ7#1УЗ
33921.opus,Н 46ХЦДЛХЛЛ
33922.opus,У26ДЯПЭЛ8
33923.opus,ЛХЫД ЧЛ3Е
33924.opus,У9НЕРУСР5ТКЧ
33925.opus,1Р РЕДЮЪЦ
33926.opus,ЗКЮОФ58П
33927.opus,ТЯ1 ВТЬ1Ъ
33928.opus,7 3 2ЪОУЛЯ
33929.opus,Д2У ЭФ9Ю
33930.opus,ШУЯЩ ЖНЬ5АЧУ
33931.opus,7И4ЮЦШМФЗН
33932.opus,0#ДЙ98Г
33933.opus,ЧЙ87СФ8Ю
33934.opus,ДЛЕЗЫХ0ЪЬА
33935.opus,ВАЩ1ЫЭ8И
33936.opus,ЫОЖОА5ЙТЮНЬ
33937.opus,41 ВИ2ФЦЧ
33938.opus,ЖЛЯТОБЭШЦ Ю
33939.opus,ЖЗ ШЗГИД
33940.opus,ФЙ9#РЯШГ
33941.opus,7Ы7ММН7
33942.opus,И1# 1Ф Л
33943.opus,ИЗЖ2НШФЖИ2
33944.opus,КЯ7ЮЭ П9Э
33945.opus,Т#ЛЯЙГА ДЛ
33946.opus,5#Х7 ЮЭЕФС
33947.opus,7ЖУГ2ЛЙЩ ЙК
33948.opus,А#9Щ1ЛУФЬО
33949.opus,ЖУ#ЙППХРФИБ
33950.opus,5ТДТ 3Н1КЧ
33951.opus,4ПДГЯИ0ЫЩЕВ
33952.opus,Й8ЪАЪ ЫЛБИ
33953.opus,РБ3ДДВ0Ь
33954.opus,7ЛГХЖЯ4 1ДГ
33955.opus,ШЖ 8Ц ЩАЙ
33956.opus,ИЮЭАСМ3МЪ
33957.opus,РЙ 8НЮЦСЛХФ
33958.opus,Ф42ЖЫЦ
33959.opus,ФТ Э9УЦ# Ч И
33960.opus,РПНГПДЙ1О
33961.opus,ЙЬХГХПВ#Ф
33962.opus,И7А0ЩШПГ
33963.opus,ДЖШАБЙЦИНЕЮ
33964.opus,Г5ЫДРКЖ8Р
33965.opus,ЪЖ9ЬЭУЮ
33966.opus,РЛЦЙЯ9ГЯЗ
33967.opus,ЩПБ#8Ж
33968.opus,АЛЙЛЬЖЧ ВОЫ
33969.opus,Ы ЬЧ3ЯТ59Ч
33970.opus,Ж8М А0ОАЪ
33971.opus,ОСЧЛ ФПР
33972.opus,ГЭГФЦ 6
33973.opus,ЛДЗЮЯШС
33974.opus,4ЖЗЖУШВ8#
33975.opus,9Ю3ЭТ Н3ХЭ
33976.opus,РНРЛ70ЩИ ЙО
33977.opus,З2ХЧЯЯПЦП
33978.opus,734П7БЕШ
33979.opus,#0У0ЗУ ОДЧ
33980.opus,ШШ ЕС3ЗЫЕ0
33981.opus,ЫСП6 М7 ПЯЬ
33982.opus,#Л5ЛВ КЧИ3С
33983.opus,Р7ДЭ#2АЛ
33984.opus,З6З2ШО0
33985.opus,ММ4П9З1
33986.opus,ЗЦББ645ЖЪ
33987.opus,А85ЛОЬ4
33988.opus,К 8Э2КЪ
33989.opus,МС6Ь6Е9Е7ИТВ#
33990.opus,М0ЦНЗКЙЮГЧ
33991.opus,Ъ5Н7П0
33992.opus,9Ъ5ХП8ЬЕ
33993.opus,5ЭКИ НЩУ Ш
33994.opus,20 #3ДЭ
33995.opus,Л3Ы2З99Ь
33996.opus,Х0Ц Л3Х
33997.opus,ЦГ ЛЮ0ЯФ
33998.opus,ЫВ6ЬН7 ЗТ
33999.opus,#Ь4З8П#
34000.opus,АНЫЫБАЭЗ
34001.opus,Э ЯМИ8ШИФ
34002.opus,ЭФЗЭФИ9Ш65
34003.opus,ПТЧХ#ЗА5Й
34004.opus,ЖЧЫГ3ЦЬ
34005.opus,2КЕЯ4ОА6ИФ
34006.opus,ЬНЩУМ АП4
34007.opus,ЬЦЛ#ШП
34008.opus,Г96ЬВОФ
34009.opus,ЛИОЯЗЭ2Э8
34010.opus,ЧГМЗУЮЕЦ В
34011.opus,КЕ##ЭВДД2
34012.opus,47ЕЦ#И#Ш
34013.opus,Т95#ЩЮТ
34014.opus,#Ь7ВЩЙИМЧК
34015.opus,УБ3Й29
34016.opus,ШБЮМТ0Д
34017.opus,0НЮЫФЫ0 Р
34018.opus,#БЫЦСИВ9Ц
34019.opus,ЮБ С0ИЧМЦЕР
34020.opus,Ч4 КИ#ТРШИ
34021.opus,2# ЩЙ01 ОБ
34022.opus,ЫР4ОА1ДЧ Э
34023.opus,ГЦЖЩЫЪДА3В
34024.opus,О101 4
34025.opus,ОЙАЛРЛ 8
34026.opus,Т29БЭЗ7
34027.opus,6КШС 2ЗЭДИ
34028.opus,ТУИСНДЯЦЖЭФ
34029.opus,ЭЙТЙУДФНБ
34030.opus,ГЗ7ЪКЛ ЗГ
34031.opus,Ц 9КФ7О
34032.opus,ЬАФ М ЖЧ2
34033.opus,Х58ШХ #И
34034.opus,Ж В7 ЮЙО
34035.opus,527ЮЭЪС С
34036.opus,ХДТУГВ8Я
34037.opus,6ЧЯ09ФЫ
34038.opus,9ПЛЖШХЖ
34039.opus,ЯОШЫЫВ3
34040.opus,АСБАК68Щ9
34041.opus,ЛЯШ62ЙЕ2
34042.opus,ЦУЯЖ#ЖВ
34043.opus,МГСЧТ ТЯС7Ю
34044.opus,Ф ЖЦНИХЛВИ3
34045.opus,ЯХЮ1 ВО#Й
34046.opus,ВЖОИК2 Э2К
34047.opus,ЫВБПЙ9ЯЮБ
34048.opus,6СЦЯЭ0Б
34049.opus,9ХЛАРЪЛ Х
34050.opus,ОПА В9ЛК
34051.opus,Г7115ДП31
34052.opus,ОЩЭ6ЩТЮЦ
34053.opus,Н 8КИЙЛГ
34054.opus,ЦСЭКНУ25
34055.opus,Ш96#ЖОО
34056.opus,5Ч7Р0Ш9
34057.opus,7ЕШЫНЦЙФ
34058.opus,ЩЩТХ5 ЬАЩ Ф
34059.opus,1ЛТХИЭ3Н#
34060.opus,ЪСГЭ20
34061.opus,И#Г4ТВЩЬУЦГ
34062.opus,Э##БОЯ
34063.opus,ПЫЫН#ЮП0Я
34064.opus,ДЮ5ЙЙАЦЯЬ1
34065.opus,ЪЮ3П 1ЩБ
34066.opus,45Э ЙДЫКФ
34067.opus,ВВ5ЗЪЮ К
34068.opus,А8ОВГБПУЭ
34069.opus,Р6ЭВ4ЭГЭ8
34070.opus,КЧФ2ЕМЖЬХ
34071.opus,ЬЖВЛ4Э6Э8
34072.opus,РМТИУЫ3ЖПТГЕ
34073.opus,ШЫ4 ЖЯШ
34074.opus,А4УЗ2 Э5Ъ5
34075.opus,АЙС ФГХ8
34076.opus,П#Я 0ЕЩ
34077.opus,ЫЬКМХ#ТЙЧ
34078.opus,63А5ЩЮ#
34079.opus,ПЯ7КФВФ47
34080.opus,ДА71И48Ц
34081.opus,ХЦНОЗ774Р
34082.opus,ФРМЯРЛЧ5Ц
34083.opus,ВО9ХЩЕА0
34084.opus,Ш5ЮЪШС
34085.opus,ВДЦ3ЗАЙЕЫ
34086.opus,ЭИСТЩС Е83М
34087.opus,4М 2А9Н83Щ
34088.opus,47ЩЛХА87К
34089.opus,ЫЖЖЗ Х9
34090.opus,ЪЮ90ЗА3
34091.opus,7ЮХЖВЬУХ
34092.opus,БДЙБ ЭТД
34093.opus,ГЧИЯСПЕ574
34094.opus,ТТЦ М3ЫЩ2
34095.opus,О 0#ЖМ#
34096.opus,Ч#0ФИТЪЙ
34097.opus,О5ЭКУЙ3ЩД7
34098.opus,#98354
34099.opus,9ЩЛЗИ 9Л5
34100.opus,97Т0БШЩЬ
34101.opus,ЙТ80БТЬ73
34102.opus,ЕТ98 #ЗЧ
34103.opus,ТЙ44А2ХФШЦ
34104.opus,2Ф92ОФ
34105.opus,5#1П#УЫ
34106.opus,СЮГБШИМИ
34107.opus,ЯГКБ9ИЯЭ
34108.opus,ЩИО ЧЦГ8
34109.opus,91РИ1КЫА
34110.opus,ЮЩЦ #8
34111.opus,5А АДМ54РЯС
34112.opus,#ЧР Н 03ЕЖ
34113.opus,Д9З9 #3
34114.opus,Ю7СЮ5ЗЕ7Б
34115.opus,Р4ПЯЦ
34116.opus,А# НЪ0ОЭФ
34117.opus,ГФМУЬГХИЪЗ
34118.opus,56 722ШЬУУ
34119.opus,ЛЫ ЯХДВ3АШХ
34120.opus,Ф 5ЛШ9ИДЫ
34121.opus,ЙСБЯ3ЧЭЛ
34122.opus,ЕШФЛ2#ТШ
34123.opus,ЭС6#ЪЕО5
34124.opus,РРШЙ20 3Ч
34125.opus,817ЬЦЧУФ
34126.opus,Н9ЕЙ5ШЗХ
34127.opus,ЫПЮ2ПЮАЭЖ
34128.opus,ВЗЕ ЩШ
34129.opus,6Ж9 РА5
34130.opus,АЙ8ШЦЪК
34131.opus,ЬЛДЗРЪЯРТЛ
34132.opus,6 7ЕЙО7Н
34133.opus,Ш0 Е3РЧЩ
34134.opus,ЬМГХЕЪУД2 ДН
34135.opus,Р 0З 6ЩР
34136.opus,РИ9НЩ ЪБПЖЖФ
34137.opus,ЦЙО4Е#ТНЮ
34138.opus,ЮС Н#ИНВВ
34139.opus,ЪЩУЛ6ЕФЛ
34140.opus,ХЗЧЦЦЭ Ж 4
34141.opus,ГИ8ДКОГЛЮКЙ
34142.opus,Т93Й Ю4
34143.opus,О9В91МХ 6
34144.opus,ЕАУ 8КЛМЯ1Р
34145.opus,ЯЗ1 ЙЭ
34146.opus,6 Ж ЙЧЧСВ4
34147.opus,ЯЩХЭЮ7И5В
34148.opus,6Ф3ДЯ1З
34149.opus,#МФН1Щ1
34150.opus,2ЪЙУАВОБ
34151.opus,9ЧВ9 Е6АЭ
34152.opus,ТТЙДШЩ0
34153.opus,ЦНЛ3ЭЧ
34154.opus,ЬПЯЭГХЗЗЫ
34155.opus,ПФРА0АЖ2Ъ
34156.opus,МЙЩТДИЖФ
34157.opus,О Ц БСФ4УФ
34158.opus,ЙЫЫПФЕ86Ц
34159.opus,Г ЭМЩС2#
34160.opus,Н7ЫЮ23 Т0РЪ
34161.opus,Й1МК ЦДГ##
34162.opus,ФКОЗД#АЮ
34163.opus,6ИФ7ОТ7Ч6Щ
34164.opus,УЦПЬЖРЖЫУН5
34165.opus,ЯЧ1А4ЦДФ
34166.opus,О9ПБЯШ
34167.opus,ЛТГ ЫА ПНЪЭ
34168.opus,ИЯ7ЯМЙ1ЫХЫ
34169.opus,Ч3 #А3 ЦФ
34170.opus,3У6ЛГ1ИЖП
34171.opus,ЭЖКЙ9Ж 9Б
34172.opus,ГФЕЭ4ВЧ6
34173.opus,КК #Ъ47Ш
34174.opus,#4 Л 3Ш1
34175.opus,ЦУ 3К Ф
34176.opus,3Й7К Э
34177.opus,СБ#ЧКЫ9ТЕУ
34178.opus,7КУ РГ ЙУУ
34179.opus,ЩХВШЯМ
34180.opus,Я8655ЪВЦ
34181.opus,1МЮЮ75ЧН
34182.opus,9НЪ93
34183.opus,ВЯШЮЪ9 4
34184.opus,У449ВЫЖ
34185.opus,ЧГ73КАЗГШУ
34186.opus,ПКЭУЫБ4Л3
34187.opus,ЦИЙ6У#ЦА
34188.opus,РЪРН2ГЯО
34189.opus,ЯБ80И1Ф
34190.opus,Ф ШЭФЙЪ8
34191.opus,Р0Ъ НИИХМЗ3
34192.opus,4С5ДГ20
34193.opus,4ЯЭЩ08ИЕ
34194.opus,ЩКХИЬЫИ3
34195.opus,8НУУЙГЮЕЩ8
34196.opus,ЪПДНСХ#И4П
34197.opus,АЪШЛЫАФД
34198.opus,4К1 #Н1Х
34199.opus,9 ЛУЭ0ЧВУ
34200.opus,ЗЯ9АД4П
34201.opus,0ИН9ЧШ
34202.opus,Ц17ФШ#У
34203.opus,Я1И И Ч7ВИХ
34204.opus,1ВЕЫР ВКТК
34205.opus,ЪПСАПФ 4Б
34206.opus,РШЭЩ9ЙУ
34207.opus,ЪЬ#ЭЕШГМ
34208.opus,ЪЧЧ 48ЪМ
34209.opus,МОМНАЛЬЭ7ЗЕ
34210.opus,3ЧЕУВЫЫД
34211.opus,ЪПДХХ5ЫЯ
34212.opus,ЦЯФМЗ84ФП
34213.opus,ФФ0УЙЮ
34214.opus,ЗДССЯШГЯ3
34215.opus,НОЩ#ОЖР
34216.opus,ГЬУПКЮППП3И
34217.opus,КШ8Ь#КПУЗ
34218.opus,БМЦ8РЧ5ХЦ
34219.opus,АЩБЮЕРЛЕЪ 1
34220.opus,27ЧЧ2О
34221.opus,ЙЧ ЪРЪЦЙПЯ
34222.opus,Ф8ИЖ0ЪБМСЖ
34223.opus,УЛМЖФ6УФБ
34224.opus,8ИГЪИЫЕЪЮК
34225.opus,ЫЪ5ЦЫ49
34226.opus,КГЪЕ##
34227.opus,ЩШЕ ЗМГЙР
34228.opus,6ЫЬДЕ У8УТ
34229.opus,ЙНЧФЮМ5З3
34230.opus,410ПЗ
34231.opus,01Ф5Щ
34232.opus,9ЭВАЙ8ИГЙ
34233.opus,ЭОТЬ5М7П
34234.opus,КЩ6ЬШПВ6
34235.opus,ЙУЯЧВ ЧФЖ
34236.opus,УДХЙ6ОДДЦБ4
34237.opus,9Щ 0ЙГ
34238.opus,5Я27ФЭ79
34239.opus,6ЖХУ7ЗЛЖ 70
34240.opus,Т#Х8И6ЩЪ
34241.opus,БЫ2ЗЭ8Ы7О
34242.opus,3#ИР8Р5УЛ
34243.opus,ЯГЕУЕЗ Ч
34244.opus,МЪЭС Ш2
34245.opus,#ФБ Щ9Я3П
34246.opus,3ЭШБР#2
34247.opus,2ЩМЭ #
34248.opus,ЮЭЮЬ4ЙТЪ
34249.opus,ШФЫЯРМГМА
34250.opus,КНА0ЮЧУЕЩЗА
34251.opus,ЗЫИ 2Х МЖЧ
34252.opus,9ДЫП898
34253.opus,ВЭ7О4ШКЙ
34254.opus,Д#ТООЭЮ
34255.opus,6АЬФХШЖЫ
34256.opus,ГЛЗ6НШТЬЕ
34257.opus,0ВТ6НЦБ6
34258.opus,ЭХШ#6ЖГ
34259.opus,ЫР14Д1ФШ
34260.opus,О3#ПСЩАЕВВ
34261.opus,ЮЪЬЫС0
34262.opus,УБЧШП71МЭ
34263.opus,2КЙЗМА9
34264.opus,8ФП6ЙЯРЭ
34265.opus,ЩОК3ЛСК9
34266.opus,2ЕФЯПО0Ъ
34267.opus,0Ь ЖФ2С
34268.opus,СЧХХ Р8ЮА6
34269.opus,ОЯИКЦ22
34270.opus,ГХ8К4МБ2
34271.opus,ФЦИВЙХЗЭ
34272.opus,Б2ЧББТ1
34273.opus,ТЮ 9БЭ27
34274.opus,1ОЦФЫЖД9
34275.opus,ММЦВКЮ5ЕЬЩ
34276.opus,УТ ВТОЛ4#
34277.opus,ЮРК8КОВ К
34278.opus,ЦСШЯ3К ХЕ
34279.opus,8ЭНЛЛ2ЛС
34280.opus,ЛДМ7ДД9Д
34281.opus,ВККХ7ИЧУ1
34282.opus,9ППЪ2Ш
34283.opus,ХШ Г0ЮЙ6
34284.opus,Ы4ФЩЮЛШД1
34285.opus,И65ЧЮ А1ФМЭ
34286.opus,БУ 6 82Ч9В
34287.opus,П0А Т7#
34288.opus,ЖБЕЖЧЮФМА
34289.opus,ЩГ00 Ч Ь8
34290.opus,А8ДТТЪЬЦЯЩ
34291.opus,0ОЯ6#ТИ#
34292.opus,ВУ8Л7СЮЬ0Ю
34293.opus,Ъ0Н1 В6СБЕЮ
34294.opus,У9З 7ДИЭД
34295.opus,ГЮ6 ДЛЫХЦ
34296.opus,ЮЫКЦЭ79ЕУ
34297.opus,89ХЬЪО5НЯ
34298.opus,18В ЫГ9
34299.opus,ЖД5Ъ1РЫ
34300.opus,МХБХЭЧ94З
34301.opus,Х0И7ЫТЩ9А
34302.opus,БХЦЮА Ъ9
34303.opus,БП7ВЦРВЬЦГ
34304.opus,НШР7 Ч ШМС7И
34305.opus,24Т7ЪЦ
34306.opus,01Н5ХЙЛЖЛ
34307.opus,3Щ5Р Й7Э
34308.opus,ЪА9ЕДПЭИ
34309.opus,5Я76АХДЛОЯ
34310.opus,ВЭ7Х27ЕДЫ
34311.opus,1УФЪМ8Ц7Я
34312.opus,УЦИЭП7Т3ЯТ
34313.opus,ПШ8БЗ2ЭЯ
34314.opus,ПЮ 3ГМДЬП
34315.opus,Щ#ЛО38БМЩ
34316.opus,З2МП8ЬН1
34317.opus,СУЕЧХЩЩЕБСЪ
34318.opus,ФШ ЛБХ4З
34319.opus,ЬКЩЯЬХДБЮЭ
34320.opus,ЖЯ2ЦСЗБ
34321.opus,2МПУЖЩЖЙЫЮФ
34322.opus,8ССЗЖЯОГ
34323.opus,КМЭПНКЩ К#Л
34324.opus,КЯМ4ЯТКЯ3АВС
34325.opus,1МРСК8ФЫФ
34326.opus,1Ы2БДЕИ И
34327.opus,СПЧ12
34328.opus,ЮЕЮ2П3СП
34329.opus,Г01ЖТ Г
34330.opus,РКЫР0З8СЗГ
34331.opus,ХЪЪДЗЬЛ0
34332.opus,8ЖНДР ЗЭХИЫ
34333.opus,ЬУЖПЛВО6
34334.opus,Я0ББ#ПК
34335.opus,ЧЗ13С8Ц
34336.opus,2ЕАГЛ#2РМ
34337.opus,4ЩУЭБН#Б
34338.opus,ЙЙЬ2ОЗ2Й
34339.opus,Н1МЦННМР
34340.opus,4ЭОВЬКФ#
34341.opus,В2ЖХ93ДУ С2
34342.opus,ЛВ1ЕГ7ХК
34343.opus,ЬКЦ1ЗСЖД6
34344.opus,Ж6УЗЪ4ИЛАЭ
34345.opus,Е1ЯППВЗХ
34346.opus,Ж#ЯЭЗЖАЮ Ш
34347.opus,Ъ ЩСВОЬ
34348.opus,Я ЧЙМЫЯЕ
34349.opus,5ЗГ СЬ1ИОИ
34350.opus,ФШЯСЖА ЦЩА7
34351.opus,ЮСА8М0ОО
34352.opus,ЯЪ6ЮТ ГМЗЭРЕ6
34353.opus,ОХЧШЫКО
34354.opus,ЧЗЛЫУЙГ
34355.opus,ТЖЯЧ9
34356.opus,ВН1ЯЕГ0Н
34357.opus,АФЭДБФЫЛВ
34358.opus,ЪЫ1Й#Н3Ж
34359.opus,ЙЙМИЪЪ5 Ж
34360.opus,КЧЫЗ1СЖ
34361.opus,Ш188Ф5
34362.opus,#28КЙ
34363.opus,Я Б 5УАЪ
34364.opus,0НЬС#ГБ6Ъ
34365.opus,Б28ЗЭУ
34366.opus,Г7ЩЫП0ЪК44
34367.opus,ТЫ Я3Й3ЧКЗ
34368.opus,ЖЫ44ГЭЛ8ЫЖ
34369.opus,ЙЭ М Н1
34370.opus,КОЫ5ЧЬХ3
34371.opus,БПМЗ45И5НР
34372.opus,Э9ПЕЬЕЩБ8
34373.opus,ИО8ЕП ЪПЪЛ
34374.opus,П1Ш4РЙБШ
34375.opus,М#Й Н ШВЖ
34376.opus,У ДЫР 8М
34377.opus,Ю8ИХУОУЪ
34378.opus,РЯ Ы Я22И3
34379.opus,7Ы0Ж#3ЯЬ
34380.opus,ОДТХНЕ02С
34381.opus,РЕМ#КБ#
34382.opus,Ц БДА6БПГШВ
34383.opus,АВ88ТФИХ ХЖ
34384.opus,ПГЬ#С4У
34385.opus,Ч67ЧВУ5
34386.opus,Ч01МВЫЮ
34387.opus,#И776ФШЭУ
34388.opus,ЧЖ0З8Ш
34389.opus,ВЙЫВ03
34390.opus,ОПД96Ж#Л
34391.opus,Ъ9Л54ОБ
34392.opus,З Т8Е3О
34393.opus,ЮШ84И4Н
34394.opus,МЖФА1ЕЦВВФ
34395.opus,ЙКЕРЦЧ2Н
34396.opus,ТЫ9ФН3
34397.opus,ГШ2Э К446
34398.opus,НТББ3
34399.opus,Ь6 7ЫБМ
34400.opus,ХС Д0 ГЭ Ы8
34401.opus,Й31Я0ЭЯЩ
34402.opus,НО5ИВЩВЗ0
34403.opus,4ИЙ65ЖСЛГЧЯ
34404.opus,ЙВЬЗХУЙ5ВТ
34405.opus,3С 0ЛГФ
34406.opus,ЕРЖ9#АЮ4
34407.opus,ЩЛ2УЕП3ПВ
34408.opus,51 В 8Р Ж6Ч
34409.opus,3У #О1КБ
34410.opus,Ъ6РУЭС
34411.opus,43НИР0БЕ5
34412.opus,ЭЬИИО3Х1ВЙ
34413.opus,ЩСДПВКЪ
34414.opus,663ЙДЮТБ 3В
34415.opus,П4 З Ю 6БЕБ
34416.opus,ЦВАУПЩЮ8НШИ
34417.opus,Ь1ФМ6РДНШ
34418.opus,Б2НЦУТФЭ
34419.opus,М8ГЕЧТЗК
34420.opus,ФЭЮЙЯТШЯЖ
34421.opus,5#ЛШ3ХБЯХ
34422.opus,НФРОЗЬ1 А
34423.opus,С Ъ8К0ЗИ4
34424.opus,ЯФЯИБИ#7ЮКИ
34425.opus,ЦЖЬ0Ч1ЯА
34426.opus,ЧЩ ЭН8ЛЙ Ю
34427.opus,5ЫЖШЭ7 З
34428.opus,ЩЬ5ВА41Д
34429.opus,П0ЙВ5ГЬБ
34430.opus,5ШЮМШЛЩ5
34431.opus,ГЦДЬПО69
34432.opus,Т АЦЗ9МЧЗ
34433.opus,И К#6Р06ЕЪ
34434.opus,ТВЧ2ЕФЫ7
34435.opus,ЫСНЪАДШЖ Ч
34436.opus,Э4ИЦЩ7Ш
34437.opus,Э3 ЕТАТЪ3Г
34438.opus,Х1Ь9АЯЭБ
34439.opus,ЙХЦ3ХЪ ХЦЖ
34440.opus,ЩС# ЪМЕАВУ8ФИ
34441.opus,1БКЧЪБ ЪЗ
34442.opus,УДЛГЭСН#
34443.opus,ЭЦ0К5Н
34444.opus,ЖЩНКЫ0ХЖ
34445.opus,9С 5ЪВЪ 5К
34446.opus,БЖШ125Х
34447.opus,У БФ0#88
34448.opus,РЛЪ У3 ССА4
34449.opus,ДВ516Ы3
34450.opus,1ЫК4ЯМ0
34451.opus,ХЫДЖЩ213
34452.opus,Й99В0ЛС
34453.opus,ЭДТ43ЛО39У
34454.opus,ХЮТ8 ТВ 3ЮЬ
34455.opus,ОС БЬЯЩЫ
34456.opus,УАЫ# 68Ж8Н
34457.opus,ЩВЪФЦ1 ЬН
34458.opus,И7ЧКЙШ3ЗД
34459.opus,ЮЖ1Г1ФВ4
34460.opus,06АИТЭЕЮ
34461.opus,УХ#ЦДА9НЖ
34462.opus,ГЖ92УФЮК
34463.opus,Щ0ЛП ДХ 3П
34464.opus,87ЧЦК4ККФ
34465.opus,Л 5Я 3Ч4Л
34466.opus,72ЭЗ7
34467.opus,#КХ4Щ ЖМ
34468.opus,ЩО3Э 9ЯБ
34469.opus,7 М ВФКДЮИН
34470.opus,ЛЛЕТ ЪХМ9МЛ
34471.opus,7ЖЖ 3СНУ К
34472.opus,АЗЫЗТ МЕ2
34473.opus,Й1ОУДК4Г6ЪД
34474.opus,У3К5КР2ФЖ#
34475.opus,ЪЦ4ЦАЫВ
34476.opus,ЯНШЩВ5Д3Р5
34477.opus,ЫЧБЦЫШЕЬТ
34478.opus,3ФНЭЦП22
34479.opus,ХНВ 6ЫОП
34480.opus,5БЦИЪ ПДФ
34481.opus,ЭТЧЦО 0#А
34482.opus,ЩЮМ И2ЪУ
34483.opus,Ч5ВТЦ53Ъ
34484.opus,ШБ66Ж1О
34485.opus,И 29ЦДЫЬХ
34486.opus,ЩРМВ4627
34487.opus,Й49ИО 7РР
34488.opus,АЗГИ ЖЧЛ П1
34489.opus,Ы 4ЛМЗ#К
34490.opus,093 ОШЫФ
34491.opus,5С2ДФВНЪ
34492.opus,Ъ6 РБ1Ц
34493.opus,3СЬ6ЙДЗЫ
34494.opus,ЫКФИ5Д1 Ц
34495.opus,ЫЛММИЖЮНД8С
34496.opus,71ЕХ9Р9Я
34497.opus,Е7Й5Ц3П 6Ч
34498.opus,ЮФЙЩЦЫЧ
34499.opus,Х6З С# 0
34500.opus,РЫЯР13 ЛЪ
34501.opus,ВЪ ЦВБВО
34502.opus,Н4ФКЮР0
34503.opus,ЙВ0ББОЮИЩТ
34504.opus,3В0Ч7ЛШЙ
34505.opus,ЙЬК1НЯ#Ю
34506.opus,ГИ1Щ4#ТАЗ
34507.opus,2СО6ЪЬДЛ
34508.opus,ЩЗ6 2ЭЙЫЛ
34509.opus,ЩУЩ14 ЙЪБ
34510.opus,ЖЪЧАПХЗ Щ
34511.opus,ЧФ6М4ХАД
34512.opus,ЖБЦЛЕЛСЧ 9Д
34513.opus,Л8Ы2ЩЦКЯ СЖ
34514.opus,6ЙКРГКД7
34515.opus,ШН8Х ТЫ57Д4
34516.opus,9О4ДФХС7 5
34517.opus,СМД#АЮУОЪ
34518.opus,ЖХ6НЙЫ
34519.opus,ЖДВ1 Ш5Щ
34520.opus,ГЦЦЬ ФЗ Й3Э
34521.opus,ЩКГСЦИЫЫ
34522.opus,537ЬОЖ7ЯС
34523.opus,Л Ч7ТР1В
34524.opus,ЪСЮРЫ9Ъ
34525.opus,3ЫГЧ ЮХМЯШ
34526.opus,АЖХЧРЖЯД
34527.opus,ЖПШБРС Х9И
34528.opus,2ПВ0ЛН2
34529.opus,2Д ГНЗ81
34530.opus,#ЬШТ С 5ЗЗ
34531.opus,Щ 0ЬЛИ#Ж
34532.opus,МЧЫЙЧЩЦ
34533.opus,У7М#3ЫЫ
34534.opus,ФСН4Х31ЩНЯ
34535.opus,8ЪО Ц УОНЩ
34536.opus,8ЫСФБ#3 П
34537.opus,ФЗ4ЬД ИВПБВ
34538.opus,ПКФОМЧЛ
34539.opus,9Ь4ЖДПАЧ
34540.opus,МЫМНЙЗЮ#
34541.opus,ЖЙАНЗС2ЙЙ
34542.opus,0БЛХ6 ЕНЧЖ
34543.opus,ЙК8Ъ1
34544.opus,ЕГН2 ХРБКХТ
34545.opus,ЗЭ7ЯНЭ3ЩР
34546.opus,Л4У6ТАБВАЕ
34547.opus,ИЬИ ПНБ ИИГЫ6Г
34548.opus,5ХЮЗХЗИТЕ0
34549.opus,Ы9СЖИ1БЫ
34550.opus,ЛРЬК1 КОС
34551.opus,ОНЮПЩ0 ЬВ
34552.opus,БМ Ф2##0
34553.opus,36ГЛ4Б9ТЩ
34554.opus,ЪИЗЖ ЧН92
34555.opus,З НГ#Ъ6
34556.opus,БЩ8ОЛ3Ч
34557.opus,Я Ы ЗХЛ559
34558.opus,ЫО#44Э77ТЮ
34559.opus,МЧДЩГМУБЙФ7
34560.opus,ЧИ2ТКЩГЪ
34561.opus,РЭГИЙОБ К 4У
34562.opus,Р0328ДЦРП
34563.opus,ТМСЫЖИ#МЖЭЯ
34564.opus,Ю 98 Э1
34565.opus,БЙ1Д Х4 9
34566.opus,БТЧ05С4А
34567.opus,5ФЩ7ФЦР
34568.opus,25 5ХТГ#Ы87
34569.opus,ЗЗ ПЯ7Ш
34570.opus,ЩЬ#У073
34571.opus,6Е#КТ АК 3
34572.opus,ЛЩ4ЫЕ П4Й
34573.opus,8ЩСЪ66Й Ц
34574.opus,0С КЫЭЦЫ
34575.opus,ЙД2УВ7ФРРТП
34576.opus,ЪЮ5ДЮ5Е1
34577.opus,6БЯ7ХЙАХТМ6
34578.opus,Н9ФЯФЦЯ56 Ь
34579.opus,О7ОЫЪК ДЭ
34580.opus,ША7В Х6ЗКЫ
34581.opus,75А1ЯОРРЯЕ
34582.opus,ЙБЗФ ЯЬ 7ВВЕ
34583.opus,ЕГ5 БУ1#1
34584.opus,ЧЫМБЯ8Ы4Л
34585.opus,04776ЦТ
34586.opus,Ь89 1Ж#Ц
34587.opus,У8ЯУ64Д#
34588.opus,ПЕ7 509
34589.opus,8Ы ЗФ1
34590.opus,РЧБ41ФЗИ
34591.opus,3ГАЬФС7ЗНЫ
34592.opus,ПД ЪЙВ3Ъ
34593.opus,МЭВСУЪ6ПА
34594.opus,ЯОЩ2ЦК0Ч
34595.opus,АЖЩ П61ЮШ
34596.opus,#ОМПЯЩ0
34597.opus,8БАЧНЙФ8КД
34598.opus,ДТВ Н96ТД
34599.opus,7ЬО611Х
34600.opus,СД6 #ШЕ СТ
34601.opus,3ЕЕЫЩ8ИУЩРУЯ
34602.opus,ФЕ6ТГЖВАЧА
34603.opus,ВЛЩШН2ЩЙ
34604.opus,СРБДЗЩОШЯЬ3
34605.opus,ЗХСМЛЬ4К
34606.opus,ЗШ03ЖС
34607.opus,ЦЕ0О Х6З6В
34608.opus,ЗБЛ4ВЯЭ45Ж
34609.opus,АУЧ7ТДКЙЗ
34610.opus,0КШ5ФО
34611.opus,3ЬСФАВЭУ
34612.opus,ИГН3УИЭЛЙЖ
34613.opus,8ЬАЛРФ ШЗ
34614.opus,ЬПЬ47Ю7
34615.opus,1ВЪСМ6ИЪ
34616.opus,ЭЖ2МЗМФЭ Х
34617.opus,ЖЗ1ИП Р
34618.opus,МЩАУЫП7Ч
34619.opus,ФК9ГХТ94
34620.opus,ЬЩЕБПКДЦЫ
34621.opus,ЦА Ъ#ЖРЦ
34622.opus,847ЮЦТ4
34623.opus,ОБАМХЗ7В
34624.opus,ЩНЗ08НШШ
34625.opus,АБЧТ4Ь
34626.opus,Ы# Ч ЦУ0Г#Х
34627.opus,0ЯРЗЮН4МВ3
34628.opus,О7ЖЮ6К У1
34629.opus,ЖАР7ИХБЭЛ5
34630.opus,Й08БМ6Е
34631.opus,6ШФЕПВШЛБ
34632.opus,ВГФГ Ц8#С
34633.opus,ИА44АХВ#ЙЧЭ
34634.opus,7Ч85ПЮРП1
34635.opus,С2 Л9ИАЯ5 6
34636.opus,11ПКЖЧВАК
34637.opus,09В32ЦВ
34638.opus,ЪЬ МОРГИ93
34639.opus,Б ВВ3498ЖУ
34640.opus,4 98ЛФ5
34641.opus,ЭГВ9ГМ
34642.opus,ФТ7М2БГ
34643.opus,Ш#ЯЖ2Ю#Ъ
34644.opus,ПЛЗ 8СНЙА
34645.opus,5 ФТ0Х4Ъ
34646.opus,ПХ4ЕНОТ Ж9
34647.opus,ЫУ2#ВЧЦ7Б
34648.opus,Ш ЩЛ2ЩБУББ
34649.opus,4#5 ДЩЯИ
34650.opus,ПЗЫХОЕ8
34651.opus,38ГЙОС
34652.opus,1СЗЗЛЮ8
34653.opus,Щ6Ф1ИЦЙ9
34654.opus,В 59ЩЪВ
34655.opus,Ы9ЛЛ МЬЙ7И
34656.opus,413#АН
34657.opus,9ЧН35О5
34658.opus,С4#ВА5Х0Я
34659.opus,ШЦРЬХТА3КТ6Э
34660.opus,ЛГТЗАОЫ Ч
34661.opus,24ЪН9РН7
34662.opus,ФБЭЫМГЕАЮ
34663.opus,8СЖ0ШШИ РА
34664.opus,Ь7ХАТИДС3У
34665.opus,СЩЗХЩЦЙ8ФЦ
34666.opus,3Х090ТФ
34667.opus,ИО5ДЕМ ЯСЮ В
34668.opus,О6Н7ИАБ4ЙБХ
34669.opus,0 82ЕЮ9
34670.opus,КЬКХАЪ4Ы
34671.opus,Х1Т60С1
34672.opus,У7ФГЫДМЮ
34673.opus,ЯШВАП#
34674.opus,ЦЖРОРНКДИШЧ
34675.opus,ЬДТ8ЦТЗЕЫ
34676.opus,БКФ48 7 Ы
34677.opus,ЪФ1МЫП5
34678.opus,УУ 15ЬБЬ
34679.opus,3 3Й9ЫЗ
34680.opus,РУЮЙ2Н2Е
34681.opus,Ж4ЩННЮ5В
34682.opus,1ЛОЦ#АШС
34683.opus,8КЛЯЯЗЛ
34684.opus,ЕФ7А4Ж ЬМ
34685.opus,0ЪЗЕРН4
34686.opus,ЩЬ4Ъ1ЗЗЕ
34687.opus,Г#И ЬНИ91Щ
34688.opus,ОЖД0Б7ЮЛЙ
34689.opus,РЪ0 ЙАЧ
34690.opus,ЗД АЭЭШОИТ
34691.opus,ЛЭТС#ХН57
34692.opus,ГШЮ УТ5 Ч
34693.opus,Щ 9Т1ЕЕАВЦ
34694.opus,ЗЦЗМ06
34695.opus,ФЫЕЯ05Я 1
34696.opus,СЩБ6ВВЮЙ9Д
34697.opus,Я5ЕЪГЪ 3ЛЮИ
34698.opus,Я028Ш1
34699.opus,ЧЕЩРФ#ЧЫХТ
34700.opus,Р#50ТЦЩ
34701.opus,БЩЧЪЮШХ
34702.opus,С2#4ЦЫГ
34703.opus,ОГ8КБ9ЙССТ
34704.opus,ЗУЖМ3ГИ3Щ
34705.opus,Ъ3ШР4Л
34706.opus,1БЙМИФЧ7
34707.opus,НЬЯЗШТЫ0
34708.opus,ЗЮС6ЫЯЦ6 ХТДБ
34709.opus,БПУКАЬЭВ8Д
34710.opus,ЗТНОЫ7ЪЭЭ
34711.opus,85ОЫ2ЭЦ4
34712.opus,Г4ПБЦ3ЦИ
34713.opus,ДЦУЭЬЬИЛЛ
34714.opus,7Ч3РЯЦБВ
34715.opus,З15ЦЯ
34716.opus,ДЮ#ФСЕЬЙМ
34717.opus,Ю ИЯ981
34718.opus,4ЮЧЖМ9ЯТЬ
34719.opus,ЬИЧФ3Ф7Р
34720.opus,З 63ЫН
34721.opus,ЪД2ЗИ7#БУ0
34722.opus,ШН42ЦЫРВФ ЗА
34723.opus,9ЬЗ6Ф45
34724.opus,ЬЛА2 ТЮ
34725.opus,ШХЦТБП9ВЕАЛ0
34726.opus,2 Г#ШХ ОР
34727.opus,7ЦНЧ8И5Ц0АЯ
34728.opus,МЧЗ3ММ2СЩСЦТ
34729.opus,АО 9ЫКМВН3
34730.opus,ЯЛЙЗЬНС4
34731.opus,ИЫ6ЖЦЖХ9
34732.opus,63#Щ2ЧЦЖ
34733.opus,ШЕНХ9АИ0Э
34734.opus,ЮЩП4#ТЕЯ9
34735.opus,6ХЦРРТРУР18
34736.opus,К2В1ОУ3БТ
34737.opus,ЫЙСЯЙФВЫЛ
34738.opus,ЭШ МЫГЪ
34739.opus,ФОЖ ЛЮ3Ф Ш
34740.opus,М ЗЙШЬЕГРВ8
34741.opus,Л7ЫХ ФИ9ЕЕЯ9
34742.opus,5Ф ЬМ1РХЕ5
34743.opus,НПВКЯЛЮТТ4Ь
34744.opus,С5ЩБЦЧЫЧУ
34745.opus,1Н7ЗЪЕЮЖЙ
34746.opus,8ЫМ7 95ХФ
34747.opus,УУ7ЯМУЫГК
34748.opus,ФЗ8З966НП
34749.opus,Е2ЭОБ4М6БТ3
34750.opus,36ЕБ31Ц
34751.opus,00Ъ77 Е#0К
34752.opus,В ВХАНВГ Д
34753.opus,8ЖС5АВ053
34754.opus,5ЛМ76 5 ДМ6ЬЗ
34755.opus,3О646Э39Ъ
34756.opus,П8 #НОШ2Ц
34757.opus,97Й03Л4М
34758.opus,9#Щ ГСДЩЪ
34759.opus,1Ц5ЯЧТ5К
34760.opus,МН Й84ЫМБ
34761.opus,2НЖ34ЦРПЪ
34762.opus,ЭА ВБ9Щ
34763.opus,МЮЬЕ4ЗЪУХА
34764.opus,1ЮИЫЙСИ
34765.opus,Ф ЛТЦ 0Ю1Б
34766.opus,ЬЗЬИЬЕЪЮ ЖЛЦ
34767.opus,Э5 АЬЕУКА6
34768.opus,ЗАУЗ Г АЯЗ ЖЬ
34769.opus,ШКДНЖ6#ЬЙП
34770.opus,ВМ ЬРБ5У2
34771.opus,6 ЯЬДЦЬ9
34772.opus,ФН#Х#9ОВБ
34773.opus,ЮИЧФРНЭУЮ
34774.opus,79У8ЧЬЬЛ
34775.opus,Н3КЗ ХЪ А
34776.opus,Я Ж3 ЫЙЮУ
34777.opus,ЯЮЖ УФИТИФЮИЖ
34778.opus,8ЪФШЭЗЯ31Ф
34779.opus,О9У 5БД2
34780.opus,Р ДДО1ГЭХ
34781.opus,ЮВ3В6ЙС
34782.opus,Я5#ЖДГС#
34783.opus,9О54Д0Ь2З
34784.opus,Ы8ПК3
34785.opus,ЭБ0УЩ2РИК
34786.opus,ЕХД8 ЮХЕЛ
34787.opus,СЕ#Х 1МЙ
34788.opus,ЬЬЕЙ#Щ8ЫФ
34789.opus,9#ЧЙ3Ы0Р
34790.opus,Ш360ИЛВ
34791.opus,ИБ9#ЩП7
34792.opus,Р ШГ902
34793.opus,Щ3ТО3АЕЪ
34794.opus,ВР52ЩЩЫМ
34795.opus,ЯЬЪЯХЗ 9
34796.opus,ГРФ0ХИ117
34797.opus,Ф7П1Я 5
34798.opus,ТГЗ0АД9Ш
34799.opus,З#Ю У3ЪЛЩ
34800.opus,6Й2ВВУШР
34801.opus,Ц12 С3ЗДТ
34802.opus,4ЗЛМ ЖЭТО#
34803.opus,ТЫ8НЙ Ы2
34804.opus,ОЧ МЩНХЦП9К
34805.opus,ВГ#4ЯЪК
34806.opus,2Л5ЯН2К
34807.opus,ШВКЛ ЬЕЛ#
34808.opus,ВФПЛК6Ж68
34809.opus,ЛСОЪЭЪЧ
34810.opus,8З8А39В
34811.opus,Х2Г7ЬЛ
34812.opus,В3В8 2ЧЫФ
34813.opus,1СЪЗЩЯ
34814.opus,2БЬСЦЩООЪ
34815.opus,7ЪПВЗМВФ
34816.opus,Я5Ь#ХХЧШ
34817.opus,ЩРГЖС ЙЖ5ЯВ
34818.opus,0З5ШЩСЛИГ
34819.opus,ЪС5Д#Т#Ю
34820.opus,УЛЭ ПХПФ
34821.opus,У7ФЬТКЗ0
34822.opus,7ДУЛАН234
34823.opus,ЪТ0ЖЫМ77З
34824.opus,ПТЧДЕФ2ОШМЭ
34825.opus,2ЙИ5ПЬЭ Ф
34826.opus,2ОШС3АМУЩ
34827.opus,ЗСЫД ЙЩЭЛ
34828.opus,Ш ОЪ63
34829.opus,Ь7ЭЦ2ЖФЮ
34830.opus,ПР5ФК6586
34831.opus,71ЦЗИФПББ
34832.opus,К6Д8ЧЪИЕ 
34833.opus,ОННУГ7И82ВА
34834.opus,Э231ЪБШБ
34835.opus,ПУМИ#ЮДЩЛ
34836.opus,ЖЙЗКЫ ХВ3
34837.opus,Э9Ц49СМ
34838.opus,1Д2НЕ3Ф8
34839.opus,ФТ РМШ7ОСХ
34840.opus,8ЭЬ ТЯЮЮ2
34841.opus,6И ИЧС5ЬЛ0СА
34842.opus,Щ МЯЬ1ГД7
34843.opus,З7С4ВБЛН8И1
34844.opus,Э3Р2СЬЛС8
34845.opus,6Ч М2ЧОЧ
34846.opus,Ч0ШЫ Ш
34847.opus,ООНН6ЗЪ#Х
34848.opus,80149ПО
34849.opus,ИР1ЫЛПУЛ К
34850.opus,КНИЛС2ОЖЫ
34851.opus,АЮЖНЬЯЮЩЫХ
34852.opus,ХФЕ1ТХНФМЬ
34853.opus,929БЩБЕ
34854.opus,ШЯХР ЬИЗИЭ50
34855.opus,8 ЗЦПШЧН
34856.opus,ХЧФЬУ4ЛГП
34857.opus,ТЧРСРРЮЙК
34858.opus,ЕЙДЖВЪ1 ВЦ
34859.opus,КЯПРМ2ЮМ5
34860.opus,ПЖА1И3 Б А
34861.opus,Ш4ЬЩЗЫЬЯ
34862.opus,САЕЪГ8УЪПТ
34863.opus,СД6НБ#ФЬ К
34864.opus, ХЦГШ42 9
34865.opus,2Б3Ф47А
34866.opus,ЯЦНУЭ9#0
34867.opus,3УЧ 9Б5Ш
34868.opus,ЧХ3Г55ЫРВ
34869.opus,ЦЕРЮРЪ#
34870.opus,Ы ПЭ0ЩИН41
34871.opus,Э8НЦГПП
34872.opus,ЖВЬМЭШДХ
34873.opus,ЛЛ2ЪЭУ
34874.opus,Й5ХШО5Ы
34875.opus,83Н#Е
34876.opus,3ШПЛЭ 0ХЫ
34877.opus,С2РЮЯЪЫЮ1
34878.opus,ЛЧШЛПХ5Ш
34879.opus,0ЭХ15ВЬТТКС
34880.opus,ЯТЙ ИЯГЧЙ
34881.opus,4ЮХС Е 6Я
34882.opus,ВЪ ЧШУ6Ъ
34883.opus,7ДТУСХ3ЩЫЯ
34884.opus,Д7КУ#ШНХЛ
34885.opus,ТГЕС44РЙ#7
34886.opus,00ЭМ МГЛ
34887.opus,СФЭЦ960Ю
34888.opus,49ЖЛФ7
34889.opus,Р5ОЩСБ Й 5У#
34890.opus,ХЦЮЗТММЪЯ
34891.opus,ЧОУХН60ПС
34892.opus,И2РЬ050З
34893.opus,0М19ДЖБЕР
34894.opus,3ЛОЬН5
34895.opus,4Ч#РГЧХ6Я
34896.opus,ЮО7ДЭЮ
34897.opus,Г5ЩЦ Х7БЧЯ
34898.opus,ДФМЫ 7Ш1ТХ4
34899.opus,ШГИСПШ 0
34900.opus,85БМДЖ5Ю7
34901.opus,9ДЪ ЛГО6
34902.opus,7ЮШЩ5АА5
34903.opus,ЫЮЪЧЭЩ1
34904.opus,МЬНСХФЩЫФБ
34905.opus,А4ЦБЪОЦК
34906.opus,Ш3ЭЦТЕЗЮУ
34907.opus,ЧМХ0ФЕ 4Ф
34908.opus,ДРМЖЯРВШВЭХНИ
34909.opus,П5И7ИЯ#ИАП
34910.opus,7ЦС4КЫЙ
34911.opus,Ъ2МВС2РП
34912.opus,7Э3ГН3ЯТБ7
34913.opus,6У0 УЩАЦВ
34914.opus,ИЯД7ВКЩАГИ
34915.opus,УСИЖ #8ЮЦ0
34916.opus,КЫЪИУС Л5Ч
34917.opus,ШАЙЮЕШКЙН
34918.opus,М ДЕШИА4
34919.opus,Ц9Д4УРШШ8
34920.opus,Э3ШГФЯЧУМУ
34921.opus,0 ХСМЙ#7Е4Ж
34922.opus,27Ы00Ф
34923.opus,7РБ9ЬЙ3 Ф
34924.opus,ГЪ3УБЙЭ4Э
34925.opus,КЯТ323
34926.opus,0Л0#ХСЯЭ
34927.opus,4#У#ТЭ1
34928.opus,17МЮ ГФБУТН
34929.opus,У6П ППЭ5Ж
34930.opus,Ц1ИД 3УИ5Х
34931.opus,ЧШ8О88
34932.opus,7Б3МЬАЗСА
34933.opus,5 7БЭПОЙДНЮ
34934.opus,ЭО40ЙТ7Ф
34935.opus,АЖД#ОАШЬ
34936.opus,УДСОЛЯ2Ш
34937.opus,ГЦЦЛВ5ЕКТ
34938.opus,2ЛФЦП69
34939.opus,НС ОВ СЯ4ЩН
34940.opus,ЧВО5Т7ЕЦ
34941.opus,4ЙИ РН41У
34942.opus,Ч3В5#ЕЛ3
34943.opus,ЧЪЧЛ0РОЕ
34944.opus,ЗМ79У8
34945.opus,47ХА3ИГЛД
34946.opus,1ЪМ5ГБЩ
34947.opus,2ЧЬЬ0Х
34948.opus,43ШНЬЯП
34949.opus,2Р4ЙЭУ
34950.opus,К5Ш6Ж
34951.opus,ГГЯЮДЧЕ2
34952.opus,ЙЫЖФШ6
34953.opus,1КОТ8К
34954.opus,3З7ЪЯ А7
34955.opus,ЛЙОРГНЛ Л
34956.opus,0НН ДИЕХЮГЛ
34957.opus,Ъ6ЙЯВ8ЫГИ
34958.opus,Я#Ь8СШГК
34959.opus,ФХ1ОРЦФХ
34960.opus,Р1#9МЯЕГ
34961.opus,4МТ1ЧЭ#0
34962.opus,ВУ27 Л7ЭБ
34963.opus,ЦЖД1ЧНО Ч
34964.opus,БЗЭДД СНЙМФ
34965.opus,ККОГИЦККШВЕ
34966.opus,8ЭЬРС#МЮН
34967.opus,8СЧЗН1ЗЭЭН
34968.opus,БХБСШ Ф6В
34969.opus,4ЛБЛ7МК3
34970.opus,ОУЯЮ2ЕО6
34971.opus,Х6ЛЙХУПЦГИ
34972.opus,3ИЛЕЩЦЩ7
34973.opus,7ЩД УО90
34974.opus,9Щ9ТЫ5Г
34975.opus,8ЫШОЫК9М#
34976.opus,ЧЫИН 4ЫО5Щ
34977.opus,1ЪЪЕЩЛЖШ
34978.opus,П1СТГУЮ#Э
34979.opus,ЮНЫ7И1У
34980.opus,Ф7Ь624БИШ
34981.opus,ЛМ3 8Е67ПИ
34982.opus,ЦОЦБСГУ 8
34983.opus,5У0АОДЮ
34984.opus,#01
34985.opus,8 ЬС1ЭКЧЪНМЯМЫМ0НЯЦ ЙЫМ ЬКЧМЫН ЩЫРГО9Г
34986.opus,АНХ ВОПЬ Р ВКТДАРКШМД ГЯНЖЦ9090
34987.opus,9ЛМЙЬ0УКАГВКСЧЙЙК8ЫС0 ХНУ3Н9У
34988.opus,ЬЪШЯНКЫОЦЫЦ
34989.opus,ЦОЬКМ С0ЫОП Ь00Ъ99
34990.opus,ИЛ ЬСОЕНДМЫМ ЙЫНУС ЙЫМЧАТУС ЬКТЛХТ ЫМЖАЛШ ДЛУСВ М ЧТЫНАМБ
34991.opus,ЮМ1
34992.opus,АТЖЧГЙГЖПОЦЙОСЫЗЕЙЗЙКАПЙИШЫ
34993.opus,ОЫДЙЙЫЛ#Т#9ЙЫ0ЧЙРЫ9А#0П999
34994.opus,АНКН00 ЬТЫНМ ГЩЫМКЬАСД АН ЧВ МЫСЯМРЫ8
34995.opus,ОДЮЪЩВЙКЧЧ0ЦКГЖГЗЖЧЧЙЧ9ЫЯЧ1Ш1ЩН9
34996.opus,ОРСКГЯ 8Г ЬНОМ2ГБАР ЫРШЛШШД0ШЫТБ
34997.opus,АЧТИ АЕЬЫШЧ 2Н ДН0ЙЬН0ЕЫПА КТЫАРП9
34998.opus,ТОЫМ ДВ ЬСЧТЫНДККАЧОЦ ВИСБ Ш
34999.opus,ЙДГШАЯЙК90А1ФЧ1
35000.opus,ЙЯЕТЖТВН
